Symbol,Name,Latest,Change,%Change,Open,High,Low,Volume,Time
A,"Agilent Technologies",115.62,-3.03,-2.55%,118.11,118.11,113.28,2688900,2026-05-08
AA,"Alcoa Corp",63.18,0.54,+0.86%,63.88,63.95,62.7,2794200,2026-05-08
AAL,"American Airlines Gp",13.35,0.17,+1.29%,13.28,13.36,13.07,57836297,2026-05-08
AAON,"Aaon Inc",139.66,10.41,+8.05%,132.5,140.82,129.3,1937100,2026-05-08
AAPL,"Apple Inc",293.32,5.88,+2.05%,290.01,294.76,290,52692699,2026-05-08
ABBV,"Abbvie Inc",201.55,-1.16,-0.57%,201.92,202.4,200.02,4915700,2026-05-08
ABNB,"Airbnb Inc Cl A",141.49,1.03,+0.73%,138.13,146.97,137.25,7842900,2026-05-08
ABT,"Abbott Laboratories",84.32,-2.69,-3.09%,87.15,87.31,84.08,10913400,2026-05-08
ACGL,"Arch Capital Grp Ltd",93.8,-0.72,-0.76%,94.4,94.52,93.58,1855900,2026-05-08
ACHC,"Acadia Healthcr Company",25.18,0.72,+2.94%,24.61,25.48,24.61,1811700,2026-05-08
ACI,"Albertsons Companies Inc Cl A",16.02,-0.16,-0.99%,16.17,16.27,16,3957300,2026-05-08
ACM,"Aecom Technology Corp",80.59,-0.88,-1.08%,81.76,81.8512,80.56,1175300,2026-05-08
ACN,"Accenture Plc",180.42,0.22999999999999,+0.13%,178.03,181.14,172.52,5695900,2026-05-08
ADBE,"Adobe Systems Inc",253.04,-3.47,-1.35%,252.9,253.37,246.1,3667400,2026-05-08
ADC,"Agree Realty Corp",76.22,-0.11,-0.14%,76.64,76.84,76.17,771600,2026-05-08
ADI,"Analog Devices",416.52,8,+1.96%,418,418.75,413.52,3754400,2026-05-08
ADM,"Archer Daniels Midland",77.66,0.13,+0.17%,77.57,78.29,77.06,2917000,2026-05-08
ADP,"Automatic Data Processing",212.99,-1.1,-0.51%,212.69,213.56,208.62,2804100,2026-05-08
ADSK,"Autodesk Inc",244.5,-6.54,-2.61%,247.65,247.65,241.93,1747800,2026-05-08
ADT,"ADT Inc",6.87,-0.03,-0.43%,6.94,6.94,6.83,17692900,2026-05-08
AEE,"Ameren Corp",109.07,0.3,+0.28%,109.18,109.67,108.325,1754800,2026-05-08
AEP,"American Electric Power Company",130.16,-1.6,-1.21%,131.21,132.08,130.1,2660200,2026-05-08
AES,"The Aes Corp",14.33,0.040000000000001,+0.28%,14.38,14.38,14.25,11248100,2026-05-08
AFG,"American Financial Group",131.32,-0.38,-0.29%,131.03,131.98,130.03,383900,2026-05-08
AFL,"Aflac Inc",113.1,-0.5,-0.44%,113.65,114.125,112.86,1509100,2026-05-08
AFRM,"Affirm Holdings Inc Cl A",64.01,-3.35,-4.97%,68.36,71.29,63.75,9412899,2026-05-08
AGCO,"Agco Corp",117.34,-0.37,-0.31%,118.29,119.06,116.72,416700,2026-05-08
AGNC,"Agnc Investment Corp",10.86,0.14,+1.31%,10.78,10.89,10.74,13189700,2026-05-08
AGO,"Assured Guaranty Ltd",75.05,-7.38,-8.95%,79,79.545,74.18,1337100,2026-05-08
AIG,"American International Group",76.36,-0.07,-0.09%,76.49,76.99,75.75,4752700,2026-05-08
AIT,"Applied Industrial Technologies",308.87,-1.5,-0.48%,311.13,311.65,307.615,147100,2026-05-08
AIZ,"Assurant Inc",239.67,5.87,+2.51%,233.77,239.73,232.4875,491900,2026-05-08
AJG,"Arthur J. Gallagher & Company",198.87,-3.07,-1.52%,200.89,201.19,196.65,1596700,2026-05-08
AKAM,"Akamai Technologies",147.71,31.02,+26.58%,145.45,149.76,132.85,21492801,2026-05-08
ALAB,"Astera Labs Inc",199.79,4.14,+2.12%,202,203.5,189.69,4610100,2026-05-08
ALB,"Albemarle Corp",203.52,5.17,+2.61%,201.33,209.54,194.3,3130000,2026-05-08
ALGM,"Allegro Microsystems Inc",48.95,1.02,+2.13%,49.17,49.17,47.26,2540500,2026-05-08
ALGN,"Align Technology",168.78,0.39,+0.23%,168.39,169.18,163.29,835800,2026-05-08
ALK,"Alaska Air Group",40.84,0.25,+0.62%,40.94,41.3,40.29,2207000,2026-05-08
ALL,"Allstate Corp",213.15,-0.52,-0.24%,214.71,216.69,211.26,1482500,2026-05-08
ALLE,"Allegion Plc",134.37,-2.44,-1.78%,136.74,137.19,134.16,995900,2026-05-08
ALLY,"Ally Financial",44.24,0.45,+1.03%,43.92,44.26,43.405,4657100,2026-05-08
ALNY,"Alnylam Pharmaceuticals",295.05,-0.86,-0.29%,295.91,300.17,293.06,926700,2026-05-08
ALSN,"Allison Transmission Holdings",124.18,1.16,+0.94%,124.22,125.73,122.88,795200,2026-05-08
AM,"Antero Midstream Corp",20.92,-0.32,-1.51%,21.24,21.28,20.915,2348800,2026-05-08
AMAT,"Applied Materials",435.44,24.8,+6.04%,423.11,438.04,417.9,8165100,2026-05-08
AMCR,"Amcor Plc",39.93,0.009999999999998,+0.03%,40.25,40.58,39.77,3838000,2026-05-08
AMD,"Adv Micro Devices",455.19,46.73,+11.44%,418.59,456.29,418.29,58134801,2026-05-08
AME,"Ametek Inc",232.4,-2.33,-0.99%,236.85,238.49,231.71,1267600,2026-05-08
AMG,"Affiliated Managers Group",302.8,5.04,+1.69%,299.27,303.3999,290.9,339900,2026-05-08
AMGN,"Amgen Inc",331.7,2.61,+0.79%,329.48,332.33,328,2443200,2026-05-08
AMH,"American Homes 4 Rent",32.03,-0.39,-1.20%,32.37,32.465,32.01,3416900,2026-05-08
AMKR,"Amkor Technology",76.61,4.34,+6.01%,74.38,76.76,72.32,5324300,2026-05-08
AMP,"Ameriprise Financial Services",465.56,6.72,+1.46%,460.93,467.79,458.865,604100,2026-05-08
AMT,"American Tower Corp",176.53,-3.24,-1.80%,179.83,179.83,176.11,3510300,2026-05-08
AMTM,"Amentum Holdings Inc",24.53,-0.03,-0.12%,24.6,24.795,23.93,2029500,2026-05-08
AMZN,"Amazon.com Inc",272.68,1.51,+0.56%,271.63,274,269.95,34732602,2026-05-08
AN,"Autonation Inc",205.97,0.68000000000001,+0.33%,207.18,207.615,203.4,212000,2026-05-08
ANET,"Arista Networks Inc",141.77,0.02000000000001,+0.01%,142.65,143.99,138.6,20371600,2026-05-08
AON,"AON Plc",312.79,-0.8,-0.26%,313,314.06,309.22,1179100,2026-05-08
AOS,"Smith A.O. Corp",58.6,-1.63,-2.71%,60.41,60.7,58.59,1859200,2026-05-08
APA,"Apa Corp",35.56,-0.68,-1.88%,36.21,36.28,35.17,9087101,2026-05-08
APD,"Air Products and Chemicals",295.41,0.42000000000002,+0.14%,295.77,299.5,295.25,607300,2026-05-08
APG,"Api Group Corp",44.04,-0.59,-1.32%,44.85,45.44,43.78,2362200,2026-05-08
APH,"Amphenol Corp",128.03,-8.59,-6.29%,137.58,137.8,127.63,18190900,2026-05-08
APLS,"Apellis Pharmaceuticals Inc",41.03,0.02,+0.05%,41.02,41.05,41,7067400,2026-05-08
APO,"Apollo Asset Management Inc",133.2,5.41,+4.23%,128.14,133.39,126.95,4768700,2026-05-08
APP,"Applovin Corp Cl A",468.55,-30.32,-6.08%,494.07,495,447.48,7766900,2026-05-08
APPF,"Appfolio Cl A",166.59,-3.62,-2.13%,168.54,168.54,161.73,362800,2026-05-08
APTV,"Aptiv Plc",57.94,0.83,+1.45%,57.93,58.27,57.01,5007500,2026-05-08
AR,"Antero Resources Corp",35.94,-0.43,-1.18%,36.48,36.55,35.85,3020300,2026-05-08
ARE,"Alexandria Real Estate Equities",46.26,0.68,+1.49%,45.83,46.9,45.81,2226000,2026-05-08
ARES,"Ares Management LP",126.25,3.1,+2.52%,123.56,127.825,121.865,4015300,2026-05-08
ARMK,"Aramark Holdings Corp",45.08,0.019999999999996,+0.04%,45.32,45.705,44.99,1976000,2026-05-08
ARW,"Arrow Electronics",194.95,5.12,+2.70%,191.9,199.47,191.6,951700,2026-05-08
AS,"Amer Sports Inc",36.03,-0.46,-1.26%,36.82,36.86,35.855,3241000,2026-05-08
ASH,"Ashland Inc",55.01,0.55,+1.01%,54.86,55.64,54.16,965400,2026-05-08
ASTS,"Ast Spacemobile Inc",75.05,9.7,+14.84%,66.72,75.4,66.11,22685000,2026-05-08
ATI,"Ati Inc",158.39,-4.27,-2.63%,164.58,164.58,156.61,2594200,2026-05-08
ATO,"Atmos Energy Corp",180.87,-0.99,-0.54%,183.49,184.825,180.85,1136600,2026-05-08
ATR,Aptargroup,120.99,-4.12,-3.29%,125.23,125.86,120.39,794800,2026-05-08
AU,"Anglogold Ashanti Ltd ADR",107.03,6.8,+6.78%,102.62,107.41,102.62,2751900,2026-05-08
AUR,"Aurora Innovation Inc Cl A",7.08,-0.06,-0.84%,7.1,7.22,6.7,28192100,2026-05-08
AVB,"Avalonbay Communities",184.08,-1.71,-0.92%,186.07,186.07,183.26,2001200,2026-05-08
AVGO,"Broadcom Ltd",430,17.44,+4.23%,419.8,435,414,22561400,2026-05-08
AVT,"Avnet Inc",82.09,1.23,+1.52%,81.72,83.07,81.14,1210900,2026-05-08
AVTR,"Avantor Inc",8.31,0,0.00%,8.32,8.395,8.1,14978100,2026-05-08
AVY,"Avery Dennison Corp",163.51,-2.02,-1.22%,166.08,166.09,163.07,539300,2026-05-08
AWI,"Armstrong World Industries Inc",161.76,-3.32,-2.01%,165.63,165.67,161.0901,324300,2026-05-08
AWK,"American Water Works",125.05,-1.15,-0.91%,126.45,127.41,124.94,1305600,2026-05-08
AXON,"Axon Enterprise Inc",403.54,-23.35,-5.47%,431.49,432.76,392.56,1747300,2026-05-08
AXP,"American Express Company",316.03,-2.66,-0.83%,319.09,320.05,313.61,6802200,2026-05-08
AXS,"Axis Capital Holdings",99.39,0.079999999999998,+0.08%,99.3,99.995,97.5701,327800,2026-05-08
AXTA,"Axalta Coating Systems Ltd",29.13,0.56,+1.96%,28.72,29.41,28.69,1804100,2026-05-08
AYI,"Acuity Inc",293.33,-2.09,-0.71%,297.28,297.28,291.17,328300,2026-05-08
AZO,Autozone,3496.1899,-58.69,-1.65%,3554.4399,3561.1599,3485,231500,2026-05-08
BA,"Boeing Company",237.36,6.33,+2.74%,233.8,238.535,231.75,7525200,2026-05-08
BAC,"Bank of America Corp",51.31,-1.44,-2.73%,52.98,53.01,51.095,36111100,2026-05-08
BAH,"Booz Allen Hamilton Holding Corp",77.04,0.19000000000001,+0.25%,76.23,77.14,74.88,1253700,2026-05-08
BALL,"Ball Corporation",58.52,0.11000000000001,+0.19%,58.79,59.72,58.39,3155600,2026-05-08
BAM,"Brookfield Asset Management Ltd",49.76,0.97,+1.99%,49.17,49.81,46.955,6155400,2026-05-08
BAX,"Baxter International Inc",17.99,0.5,+2.86%,17.71,18,17.285,7866000,2026-05-08
BBWI,"Bath & Body Works Inc",19.73,0.43,+2.23%,19.31,19.83,19.3,6045500,2026-05-08
BBY,"Best Buy Company",59.4,0.86,+1.47%,58.81,59.48,58,2328300,2026-05-08
BC,"Brunswick Corp",81.71,0.94,+1.16%,81.57,83.217,80.035,504500,2026-05-08
BDX,"Becton Dickinson and Company",149.43,-3.83,-2.50%,153.87,155.28,146.49,4481900,2026-05-08
BEN,"Franklin Resources",31.05,0.53,+1.74%,30.7,31.15,30.39,2965200,2026-05-08
BEPC,"Brookfield Renewable Corp",36.68,-0.47,-1.27%,37.64,38,36.61,1525200,2026-05-08
BF.A,"Brown Forman Inc Cl A",28.36,0.16,+0.57%,28.28,28.61,27.67,174900,2026-05-08
BFAM,"Bright Horizons Family Solutions Inc",70.59,2.28,+3.34%,71.33,72.06,69.49,3103000,2026-05-08
BF.B,"Brown Forman Inc Cl B",27.68,0.3,+1.10%,27.17,27.95,26.89,4509700,2026-05-08
BG,"Bunge Ltd",124.94,1.19,+0.96%,124.64,125.7299,123.815,1380200,2026-05-08
BHF,"Brighthouse Financial Inc",61.38,-0.3,-0.49%,61.72,61.77,61.12,502900,2026-05-08
BIIB,"Biogen Inc",193.45,2.07,+1.08%,189.68,195.2,189.5,931500,2026-05-08
BILL,"Bill Holdings Inc",41.83,4.17,+11.07%,41.01,43.3,39,7354600,2026-05-08
BIO,"Bio-Rad Laboratories",254.32,-3.,-1.17%,256.41,258.8106,251.32,230800,2026-05-08
BIRK,"Birkenstock Holding Plc",39.34,0.3,+0.77%,39.63,40.09,38.61,1533800,2026-05-08
BJ,"Bj's Wholesale Club Holdings Inc",92.97,-1.36,-1.44%,94.08,94.95,91.95,2211500,2026-05-08
BK,"Bank of New York Mellon Corp",130.5,-0.19,-0.15%,131.34,131.615,130.16,3881600,2026-05-08
BKNG,"Booking Holdings Inc",165.93,-5.35,-3.12%,169.2,170.56,165.62,8861000,2026-05-08
BKR,"Baker Hughes Company",63.89,0.36,+0.57%,63.61,64.57,63.35,7859500,2026-05-08
BLD,"Topbuild Corp",428.03,0,0.00%,430.47,432.81,420.89,653900,2026-05-08
BLDR,"Builders Firstsource",77.4,-2.01,-2.53%,78.99,79.98,77.27,2024100,2026-05-08
BLK,"Blackrock Inc",1084.83,17.09,+1.60%,1074.3199,1085.23,1067,490800,2026-05-08
BLSH,"Bullish Ord Shs",43.66,2.46,+5.97%,41.5,43.66,40.083,1527400,2026-05-08
BMRN,"Biomarin Pharmaceuticals",54.06,-0.06,-0.11%,54.15,54.55,53.53,1972400,2026-05-08
BMY,"Bristol-Myers Squibb Company",56.16,-0.09,-0.16%,56.33,56.535,55.775,10033000,2026-05-08
BOKF,"Bok Financial Corp",132.47,-0.98,-0.73%,133.63,136.14,132,291100,2026-05-08
BPOP,"Popular Inc",149.01,0.18,+0.12%,149.69,150.41,148.71,353500,2026-05-08
BR,"Broadridge Financial Solutions Llc",149.5,-3.39,-2.22%,152.45,152.6199,148.36,1650400,2026-05-08
BRBR,"Bellring Brands Inc Cl A",10.31,-0.15,-1.43%,10.27,10.77,10.1425,6097800,2026-05-08
BRK.B,"Berkshire Hathaway Cl B",475.94,0.86000000000001,+0.18%,474.85,478.88,474.48,5225500,2026-05-08
BRKR,"Bruker Corp",44.16,0.43,+0.98%,43.6,44.43,42.05,2636800,2026-05-08
BRO,"Brown & Brown",56.45,-1.6,-2.76%,57.96,58.4211,56.1,3616400,2026-05-08
BROS,"Dutch Bros Inc Cl A",52.71,-0.83,-1.55%,54.23,54.39,51.545,5805100,2026-05-08
BRX,"Brixmor Property Group Inc",29.84,-0.25,-0.83%,30.15,30.31,29.83,3079300,2026-05-08
BSX,"Boston Scientific Corp",53.93,-2.64,-4.67%,56.33,56.62,53.63,20841300,2026-05-08
BSY,"Bentley Systems Inc Cl B",32.76,-0.86,-2.56%,34.01,34.13,32.5,2714200,2026-05-08
BURL,"Burlington Stores Inc",304.51,-2.09,-0.68%,303.89,307.16,298.32,501400,2026-05-08
BWA,"Borgwarner Inc",61.32,3.14,+5.40%,59.01,61.37,58.38,3138400,2026-05-08
BWXT,"Bwx Technologies Inc",205.33,-4.56,-2.17%,212.73,213.46,203.3766,1007300,2026-05-08
BX,"Blackstone Inc",123.77,1.44,+1.18%,122.6,124.08,121.06,3294400,2026-05-08
BXP,"Bxp Inc",59.43,-0.03,-0.05%,59.63,60.08,59.16,1836500,2026-05-08
BYD,"Boyd Gaming Corp",85.64,0.40000000000001,+0.47%,85.6,85.88,84.81,1067700,2026-05-08
C,"Citigroup Inc",125.55,-3.54,-2.74%,130.19,131.95,125.215,17505500,2026-05-08
CACC,"Credit Acceptance",533.15,10.28,+1.97%,526.91,533.24,510,198900,2026-05-08
CACI,"Caci International",480.99,-8.89,-1.81%,488.34,488.44,476.7,273600,2026-05-08
CAG,"Conagra Brands Inc",14.13,-0.23,-1.60%,14.36,14.41,14.0801,10376000,2026-05-08
CAH,"Cardinal Health",183.65,-1.63,-0.88%,185.35,190.24,182.87,3260700,2026-05-08
CAI,"Caris Life Sciences Inc",16.15,-3.69,-18.60%,16.8,17.39,15.71,8874400,2026-05-08
CAR,"Avis Budget Group",145.75,-8.31,-5.39%,153.48,156.68,143.39,1253000,2026-05-08
CARR,"Carrier Global Corp",66.83,-0.39,-0.58%,67.6,68.39,66.5,5032000,2026-05-08
CART,"Maplebear Inc [Instacart]",40.35,2.36,+6.21%,38,40.68,38,6083500,2026-05-08
CASY,"Casey's General Stor",859.49,8.54,+1.00%,860.37,868.08,855.73,256900,2026-05-08
CAT,"Caterpillar Inc",897.45,1.76,+0.20%,911,914.77,893.85,2030200,2026-05-08
CAVA,"Cava Group Inc",79.4,-5.07,-6.00%,85.31,85.31,79.055,4021900,2026-05-08
CB,"Chubb Ltd",319.64,-1.64,-0.51%,322.13,323.64,318.55,926900,2026-05-08
CBC,"Central Bancompany Inc Cl A",27.27,-0.1,-0.37%,27.37,27.42,27.05,337500,2026-05-08
CBOE,"CBOE Global Markets Inc",348.56,9.91,+2.93%,338.2,349.39,335.73,806500,2026-05-08
CBRE,"CBRE Group Inc",146.33,-0.37,-0.25%,148.16,148.97,146.22,1869100,2026-05-08
CBSH,"Commerce Bancshares",51.89,-0.59,-1.12%,52.42,52.49,51.54,958800,2026-05-08
CCC,"CCC Intelligent Solutions Hldgs Inc",5.13,-0.08,-1.54%,5.14,5.2,5.06,9250899,2026-05-08
CCI,"Crown Castle Inc",90.57,-0.5,-0.55%,91.12,92.11,90.45,4123800,2026-05-08
CCK,"Crown Cork & Seal Company",101.19,0.099999999999994,+0.10%,101.42,102.47,100.91,944700,2026-05-08
CCL,"Carnival Corporation Ltd",26.38,-0.62,-2.30%,27.2,27.29,26.25,29526400,2026-05-08
CDNS,"Cadence Design Sys",362.7,5.8,+1.63%,356.08,365.01,353.18,2317700,2026-05-08
CDW,"CDW Corp",104.79,-5.41,-4.91%,109.64,110.15,104.41,2688400,2026-05-08
CE,"Celanese Corp",57.17,-1.23,-2.11%,59.02,59.02,56,2927800,2026-05-08
CEG,"Constellation Energy Corp",303.63,-7.65,-2.46%,314.87,317.65,301.76,2948600,2026-05-08
CELH,"Celsius Holdings Inc",32.29,-1.97,-5.75%,34.9,35.6,32.08,13636500,2026-05-08
CERT,"Certara Inc",6.31,0,0.00%,6.29,6.45,6.14,4854300,2026-05-08
CF,"Cf Industries Holdings",115.02,-3.66,-3.08%,118.41,119.619,114.75,3068900,2026-05-08
CFG,"Citizens Financial Group Inc/Ri",63.73,-0.49,-0.76%,64.52,64.88,63.38,3748900,2026-05-08
CFR,"Cullen/Frost Bankers",138.85,0.28999999999999,+0.21%,139,139.43,138.285,428400,2026-05-08
CG,"The Carlyle Group",50.63,1.62,+3.31%,48.91,50.65,47.62,5135600,2026-05-08
CGNX,"Cognex Corp",65.66,-0.26,-0.39%,66.77,68.52,64.58,4256500,2026-05-08
CHD,"Church & Dwight Company",93.44,-0.44,-0.47%,94.15,94.375,93.03,1620700,2026-05-08
CHDN,"Churchill Downs IN",88.13,-0.72,-0.81%,88.86,90.37,87.73,791800,2026-05-08
CHE,"Chemed Inc",424.26,-1.56,-0.37%,426.23,426.23,418.19,152400,2026-05-08
CHH,"Choice Hotels International",106.58,0.049999999999997,+0.05%,106.76,107.99,104.87,445000,2026-05-08
CHRD,"Chord Energy Corp",136.44,-1.31,-0.95%,137.54,139.07,135.5,690200,2026-05-08
CHRW,"C.H. Robinson Ww",171.39,0.02,+0.01%,171.37,172.26,168.32,1060800,2026-05-08
CHTR,"Charter Communications Inc",154.86,-5.38,-3.36%,160,161.5,154.7,3089600,2026-05-08
CHWY,"Chewy Inc",22.97,-0.7,-2.96%,23.705,23.705,22.47,13920200,2026-05-08
CI,"The Cigna Group",288.06,4.02,+1.42%,285.67,288.47,283.8,1659400,2026-05-08
CIEN,"Ciena Corp",548.11,9.35,+1.74%,549,564.83,538.77,1501500,2026-05-08
CINF,"Cincinnati Financial",161.5,-0.55,-0.34%,161.44,162.78,160.98,664300,2026-05-08
CL,"Colgate-Palmolive Company",87.55,0.19,+0.22%,87.67,88.57,87.21,4435300,2026-05-08
CLF,"Cleveland-Cliffs Inc",11.02,0.37,+3.47%,10.85,11.135,10.78,10755100,2026-05-08
CLH,"Clean Harbors",291.15,8.78,+3.11%,285.62,294.92,281.845,1197900,2026-05-08
CLVT,"Clarivate Analytics Plc",2.78,-0.01,-0.36%,2.8,2.84,2.66,4117300,2026-05-08
CLX,"Clorox Company",92.16,0.049999999999997,+0.05%,92.17,93.425,91.21,3310900,2026-05-08
CMCSA,"Comcast Corp A",25.4,-0.84,-3.20%,26.25,26.26,25.35,36599402,2026-05-08
CME,"CME Group Inc",281.25,-5.6,-1.95%,286.41,286.95,280.69,2308700,2026-05-08
CMG,"Chipotle Mexican Grill",32.49,-0.78,-2.34%,33.43,33.5,32.14,12947200,2026-05-08
CMI,"Cummins Inc",679.55,-3.33,-0.49%,689.71,693.3098,676.9,907200,2026-05-08
CMS,"Cms Energy Corp",72.61,-0.78,-1.06%,73.61,73.88,72.485,2307100,2026-05-08
CNA,"CNA Financial Corp",43.54,-0.18,-0.41%,43.79,43.9999,43.3,445200,2026-05-08
CNC,"Centene Corp",55.96,0.98,+1.78%,55.2,56.3525,53.7,5296200,2026-05-08
CNH,"CNH Industrial N.V.",10.96,0.12,+1.11%,10.91,11.03,10.645,18658600,2026-05-08
CNM,"Core & Main Inc Cl A",49.09,-0.57,-1.15%,49.79,50.4,48.985,1725500,2026-05-08
CNP,"Centerpoint Energy Inc",41.72,-0.52,-1.23%,42.37,42.56,41.635,4133500,2026-05-08
CNXC,"Concentrix Corp",24.27,-1.19,-4.67%,25.24,25.24,23.88,2217100,2026-05-08
COF,"Capital One Financial Corp",189.48,-3.11,-1.61%,192.94,193.15,189.15,4727300,2026-05-08
COHR,"Coherent Corp",335.26,16.07,+5.03%,325.925,339.47,315.0301,7901600,2026-05-08
COIN,"Coinbase Global Inc Cl A",201.16,8.2,+4.25%,186.04,201.37,182.8,12909301,2026-05-08
COKE,"Coca-Cola Consolidated Inc",174.31,-3.3,-1.86%,180.7,183.79,170.75,1096800,2026-05-08
COLB,"Columbia Banking Sys",30.04,0.48,+1.62%,29.64,30.11,29.64,3398900,2026-05-08
COLD,"Americold Realty Trust",14.84,-0.13,-0.87%,15,15.198,14.725,7772400,2026-05-08
COLM,"Columbia Sprtswr",63.04,-0.28,-0.44%,63.45,63.57,62.34,479200,2026-05-08
COO,"Cooper Companies",60,-1.11,-1.82%,61.21,61.47,59.68,2151000,2026-05-08
COP,Conocophillips,113.87,-1.01,-0.88%,114.64,115.49,113.62,8009400,2026-05-08
COR,"Cencora Inc",261.08,5.42,+2.12%,254.1,266.38,254,2678900,2026-05-08
CORT,"Corcept Therapeutics",52.28,1.23,+2.41%,51.05,52.48,50.32,872600,2026-05-08
COST,"Costco Wholesale",1008.79,-3.27,-0.32%,1011.74,1016,1005.11,1805100,2026-05-08
COTY,"Coty Inc",2.47,-0.03,-1.20%,2.5,2.52,2.44,5950200,2026-05-08
CPAY,"Corpay Inc",343.99,38.24,+12.51%,325,344.35,320.17,942600,2026-05-08
CPB,"The Campbell's Company",20.84,-0.41,-1.93%,21.17,21.21,20.8,6423700,2026-05-08
CPNG,"Coupang Inc Cl A",16.98,-0.24,-1.39%,17.24,17.45,16.84,25908900,2026-05-08
CPRT,"Copart Inc",33.94,0.06,+0.18%,33.7,34.12,33.39,7146400,2026-05-08
CPT,"Camden Property Trust",103.77,-0.3,-0.29%,104.06,104.505,103.08,1084800,2026-05-08
CR,"Crane Company",181.32,-0.43,-0.24%,182.96,183.87,178.55,1013600,2026-05-08
CRBG,"Corebridge Financial Inc",27.31,-0.14,-0.51%,27.98,27.98,27.195,6789800,2026-05-08
CRCL,"Circle Internet Group Inc Cl A",113.67,0.42,+0.37%,114.26,115,108.91,16763700,2026-05-08
CRH,"CRH Plc ADR",113.76,1.13,+1.00%,113.75,114,112.36,5744300,2026-05-08
CRL,"Charles River Laboratories Intl",177.62,-4.06,-2.23%,182.56,183.645,174.07,978100,2026-05-08
CRM,"Salesforce Inc",181.82,-4.52,-2.43%,179.68,181.8718,176.88,15123800,2026-05-08
CROX,"Crocs Inc",103.63,-0.45,-0.43%,104.08,104.53,101.92,819600,2026-05-08
CRS,"Carpenter Technology Corp",427.85,-17.29,-3.88%,450.99,452.79,426.29,704700,2026-05-08
CRUS,"Cirrus Logic Inc",171.67,-0.01,-0.01%,175.27,175.4,166.5,790400,2026-05-08
CRWD,"Crowdstrike Holdings Inc",527.77,22.05,+4.36%,499.17,528.91,492.33,4041100,2026-05-08
CSCO,"Cisco Systems Inc",96.57,4.41,+4.79%,93.33,97.02,93.14,24652500,2026-05-08
CSGP,"Costar Group Inc",32.77,-2.21,-6.32%,34.62,34.64,32.71,7105800,2026-05-08
CSL,"Carlisle Companies Inc",360.39,-0.07,-0.02%,362.35,364.22,354.285,378400,2026-05-08
CSX,"CSX Corp",44.83,0.37,+0.83%,44.49,44.99,44.45,9501101,2026-05-08
CTAS,"Cintas Corp",166.97,-3.07,-1.81%,170.04,171.03,166.77,1565400,2026-05-08
CTSH,"Cognizant Tech Sol",51.68,-0.26,-0.50%,51.76,51.92,50.19,5390100,2026-05-08
CTVA,"Corteva Inc",81.13,2.06,+2.61%,79.31,81.45,78.79,4624300,2026-05-08
CUBE,Cubesmart,40.46,0.21,+0.52%,40.29,40.69,40.15,1703000,2026-05-08
CUZ,"Cousins Properties Inc",26.76,0.51,+1.94%,26.6,26.91,26.47,2038200,2026-05-08
CVNA,"Carvana Company Cl A",77.94,-2.064,-2.58%,81.03,81.95,76.43,6955000,2026-05-08
CVS,"CVS Corp",90.55,3.19,+3.65%,88,90.89,87.36,11162600,2026-05-08
CVX,"Chevron Corp",181.62,-0.88,-0.48%,182.04,182.725,180.74,13053000,2026-05-08
CW,"Curtiss-Wright Corp",729.2,4.7700000000001,+0.66%,735.3,739.93,720.4101,234000,2026-05-08
CWEN,"Clearway Energy Inc Cl C",38.16,0.019999999999996,+0.05%,39.1,40.69,38.14,1318900,2026-05-08
CWE.A,"Clearway Energy Inc [Cwen.A]",40.43,2.18,+5.70%,38.06,41.03,38.06,1295900,2026-04-30
CXT,"Crane Nxt CO",45.31,1.43,+3.26%,44.54,46.53,44.28,1273500,2026-05-08
CZR,"Caesars Entertainment Inc",28.04,0.26,+0.94%,28.08,28.29,27.79,1601300,2026-05-08
D,"Dominion Energy Inc",61.89,0.28,+0.45%,61.86,62.1,61.04,6031800,2026-05-08
DAL,"Delta Air Lines Inc",73.33,0.22,+0.30%,73.43,73.93,72.7,5073100,2026-05-08
DAR,"Darling International Inc",63.12,0.84999999999999,+1.37%,62.77,63.44,61.79,1659000,2026-05-08
DASH,"Doordash Inc Cl A",163.93,-7.42,-4.33%,169.75,171.35,162,6027500,2026-05-08
DBX,"Dropbox Inc",28.9,3.77,+15.00%,27.42,29.1,26.71,10098300,2026-05-08
DCI,"Donaldson Company",86,0.090000000000003,+0.10%,86.24,86.675,85.56,348500,2026-05-08
DD,"Dupont Denemours Inc",49.76,1.4,+2.89%,49.33,49.795,48.725,3956900,2026-05-08
DDOG,"Datadog Inc Cl A",200.16,11.43,+6.06%,185.5,200.36,185,12042600,2026-05-08
DDS,Dillard's,563.25,9.79,+1.77%,558,565.135,545.31,107400,2026-05-08
DE,"Deere & Company",574.84,-5.7,-0.98%,579.78,582.98,572.3,897000,2026-05-08
DECK,"Deckers Outdoor Corp",100.42,-2.3,-2.24%,101.94,102.62,99.23,1779700,2026-05-08
DELL,"Dell Technologies Inc",260.46,30.19,+13.11%,233.59,263.99,233.59,12168100,2026-05-08
DG,"Dollar General Corp",113.29,-3.18,-2.73%,117.04,117.37,112.91,3307100,2026-05-08
DGX,"Quest Diagnostics Inc",187.39,-3.45,-1.81%,191.71,192.2,186.23,762500,2026-05-08
DHI,"D.R. Horton",147.63,1.66,+1.14%,146.97,148.28,145.14,1532400,2026-05-08
DHR,"Danaher Corp",171.16,-4.5,-2.56%,174.97,175.475,170.74,5846100,2026-05-08
DINO,"HF Sinclair Corp",72.43,1.93,+2.74%,70.2,72.775,69.46,2401100,2026-05-08
DIS,"Walt Disney Company",108.02,-0.64,-0.59%,109.03,109.21,107.54,8369900,2026-05-08
DJT,"Trump Media & Technology Group Corp",8.93,-0.09,-1.00%,9.05,9.07,8.7,4960900,2026-05-08
DKNG,"Draftkings Inc",25.52,0.3,+1.19%,26.4,27.21,25.48,28569201,2026-05-08
DKS,"Dick's Sporting Goods Inc",225.81,3.61,+1.62%,223.49,227.28,220.76,632100,2026-05-08
DLB,"Dolby Laboratories",58.15,0.68,+1.18%,57.41,58.3,56.855,581400,2026-05-08
DLR,"Digital Realty Trust",195.31,0.53,+0.27%,195.21,197.3,194.93,1376700,2026-05-08
DLTR,"Dollar Tree Inc",94.24,-2.52,-2.60%,97.36,97.77,93.81,3452400,2026-05-08
DOC,"Healthpeak Properties Inc",19.64,-0.02,-0.10%,19.69,19.87,19.345,7229200,2026-05-08
DOCS,"Doximity Inc Cl A",25.98,-0.05,-0.19%,25.58,26,24.99,2075500,2026-05-08
DOCU,"Docusign Inc",47.9,-0.29,-0.60%,47.22,47.9,45.4,2475900,2026-05-08
DOV,"Dover Corp",219.83,-1.07,-0.48%,221.89,221.89,218.8,711700,2026-05-08
DOW,"Dow Inc",36.87,-0.45,-1.21%,37.51,37.645,36.72,9781500,2026-05-08
DOX,"Amdocs Ltd Ord",63.75,-1.39,-2.13%,64.72,64.79,63.07,1040400,2026-05-08
DPZ,"Domino's Pizza Inc",323.48,-9.05,-2.72%,334.54,334.92,321.27,947400,2026-05-08
DRI,"Darden Restaurants",196.23,1.06,+0.54%,199.62,201.0399,194.95,877600,2026-05-08
DRS,"Leonardo Drs Inc",41.36,-0.08,-0.19%,41.71,41.83,40.9,925000,2026-05-08
DT,"Dynatrace Inc",40.7,0.33000000000001,+0.82%,40.08,40.8,39.14,5280600,2026-05-08
DTE,"Dte Energy Company",140.6,-1.4,-0.99%,142.76,143.095,140.365,1782100,2026-05-08
DTM,"Dt Midstream Inc",142.8,-1.33,-0.92%,144.8,145.07,142.79,642300,2026-05-08
DUK,"Duke Energy Corp",124.17,-0.7,-0.56%,125.04,125.69,123.425,2586100,2026-05-08
DUOL,"Duolingo Inc Cl A",107.99,-5.62,-4.95%,112.73,112.73,104.82,1938900,2026-05-08
DV,"Doubleverify Holdings Inc",11.06,0.21,+1.94%,10.74,11.09,10.55,2747900,2026-05-08
DVA,"Davita Healthcare Partners Inc",198.65,2.39,+1.22%,196.6,199.27,193.85,1127100,2026-05-08
DVN,"Devon Energy Corp",45.61,0.3,+0.66%,46,46.3686,45.175,15147800,2026-05-08
DXC,"Dxc Technology Company",9.43,-2.58,-21.48%,10.02,10.28,8.402,16632600,2026-05-08
DXCM,"Dexcom Inc",60.61,-0.3,-0.49%,60.91,61.37,60.13,4217900,2026-05-08
EA,"Electronic Arts Inc",200.44,-0.41,-0.20%,200.65,200.78,200.28,2738100,2026-05-08
EBAY,"Ebay Inc",107.69,1.27,+1.19%,106.34,108.31,105.23,4879100,2026-05-08
ECG,"Everus Construction Group Inc",163.24,4.82,+3.04%,162.05,163.3,158.5,542700,2026-05-08
ECL,"Ecolab Inc",254.22,-2.33,-0.91%,257.58,258.36,251.89,1869300,2026-05-08
ED,"Consolidated Edison Company",106.31,-0.08,-0.08%,107.3,107.61,104.615,2580100,2026-05-08
EEFT,"Euronet Worldwide",68.83,-2.75,-3.84%,71.3,71.3,68.22,596900,2026-05-08
EFX,"Equifax Inc",175.83,0.21000000000001,+0.12%,175.4,176.75,173.95,1402700,2026-05-08
EG,"Everest Re Group",351.52,-0.21,-0.06%,348.19,353.98,348.19,261600,2026-05-08
EGP,"Eastgroup Properties",205.32,1.43,+0.70%,204.46,206.78,203.97,404600,2026-05-08
EHC,"Encompass Health Corp",106.1,-1.05,-0.98%,107.7,108.64,105.87,967600,2026-05-08
EIX,"Edison International",68.95,0.38000000000001,+0.55%,69.35,69.58,68.685,1872000,2026-05-08
EL,"Estee Lauder Companies",86.2,0.91,+1.07%,85.72,86.21,84.27,2310600,2026-05-08
ELAN,"Elanco Animal Health Inc",23.65,-0.36,-1.50%,24.16,24.58,22.91,8287900,2026-05-08
ELF,"E.L.F. Beauty Inc",60.86,-0.93,-1.51%,62.26,62.45,60.415,2260700,2026-05-08
ELS,"Equity Lifestyle Properties",63.24,-0.05,-0.08%,63.33,63.8,62.955,1300000,2026-05-08
ELV,"Elevance Health Inc",378.07,5.15,+1.38%,376.24,379.23,371.09,1305900,2026-05-08
EME,"Emcor Group",921.64,-2.42,-0.26%,939.02,946.105,919.62,258900,2026-05-08
EMN,"Eastman Chemical Company",73.65,-0.04,-0.05%,74.31,74.46,73.18,859000,2026-05-08
EMR,"Emerson Electric Company",141.31,0.22,+0.16%,142.57,142.9,139.495,2534400,2026-05-08
ENPH,"Enphase Energy Inc",36.45,0.98,+2.76%,35.88,37.06,35.21,3710900,2026-05-08
ENTG,"Entegris Inc",149.11,1.45,+0.98%,151.52,152.38,146.26,3012600,2026-05-08
EOG,"Eog Resources",130.03,-0.86,-0.66%,130.53,131.56,129.2,3593600,2026-05-08
EPAM,"Epam Systems Inc",99.23,-5.01,-4.81%,103.11,103.65,98.76,2436300,2026-05-08
EPR,"Entertainment Properties Trust",58.28,0.4,+0.69%,58.12,58.49,57.48,1030100,2026-05-08
EQH,"Axa Equitable Holdings Inc",42.6,-0.25,-0.58%,42.85,43.51,42.51,2485100,2026-05-08
EQIX,"Equinix Inc",1072.08,5.32,+0.50%,1072.41,1082.62,1064.95,428800,2026-05-08
EQR,"Equity Residential",65.54,-0.32,-0.49%,65.89,66.06,65.405,1772300,2026-05-08
EQT,"Eqt Corp",55.96,-0.26,-0.46%,56.38,56.7177,55.915,6206900,2026-05-08
ES,"Eversource Energy",66.51,-0.53,-0.79%,67.74,68.19,66.33,3620500,2026-05-08
ESAB,"Esab Corp",100.94,-1.45,-1.42%,102.75,105.38,100.29,638700,2026-05-08
ESI,"Element Solutions Inc",43.9,1.63,+3.86%,42.95,43.91,42.67,3005100,2026-05-08
ESS,"Essex Property Trust",263.55,-3.82,-1.43%,267.25,267.39,263.49,381400,2026-05-08
ESTC,"Elastic N.V.",52.25,0.63,+1.22%,50.74,52.31,49.92,1270600,2026-05-08
ETN,"Eaton Corp",401.51,3.46,+0.87%,400.56,406.85,399,2386900,2026-05-08
ETR,"Entergy Corp",111.59,-0.43,-0.38%,112.43,112.95,110.71,4139200,2026-05-08
ETSY,"Etsy Inc",64.38,0.36,+0.56%,64.13,64.615,62.78,2342800,2026-05-08
EVR,"Evercore Partners Inc",341.19,9.91,+2.99%,328.78,343.2,328.78,602000,2026-05-08
EVRG,"Evergy Inc",81.78,-0.95,-1.15%,82.94,83.22,81.54,2963800,2026-05-08
EW,"Edwards Lifesciences Corp",79.96,-2.8,-3.38%,82.89,83.04,79.24,4031200,2026-05-08
EWBC,"East West Bancorp",122.99,1.06,+0.87%,122.74,123.04,121.68,723100,2026-05-08
EXC,"Exelon Corp",43.91,-0.5,-1.13%,44.51,44.75,43.87,5518200,2026-05-08
EXE,"Expand Energy Corporation",95.94,-1.48,-1.52%,97.68,98.18,95.9,2173800,2026-05-08
EXEL,"Exelixis Inc",48.16,1.95,+4.22%,46.59,48.17,46.46,2179000,2026-05-08
EXLS,"Exlservice Holdings",31.08,-0.26,-0.83%,31.32,31.54,30.44,1760300,2026-05-08
EXP,"Eagle Materials Inc",210.45,-1.26,-0.60%,212.84,212.87,208.48,242700,2026-05-08
EXPD,"Expeditors Intl",156.69,4.83,+3.18%,153.22,156.99,153.22,1054200,2026-05-08
EXPE,"Expedia Group Inc",229.98,-22.81,-9.02%,232.51,238.32,226.7,4189700,2026-05-08
EXR,"Extra Space Storage Inc",143.3,0.030000000000001,+0.02%,143.54,144.62,143.08,647400,2026-05-08
F,"Ford Motor Company",12.32,0.14,+1.15%,12.29,12.37,12.18,38453500,2026-05-08
FAF,"First American Corp",71.04,1.22,+1.75%,70.27,71.085,69.595,515200,2026-05-08
FANG,"Diamondback Energy",188.7,-1.75,-0.92%,189.81,190.32,186.94,3161800,2026-05-08
FAST,"Fastenal Company",44.17,-0.19,-0.43%,44.39,44.6,43.88,4384300,2026-05-08
FBIN,"Fortune Brands Innovations Inc",37.98,-1.1,-2.81%,37.55,39,36.46,8733700,2026-05-08
FCN,"Fti Consulting",163.9,2.05,+1.27%,161.8,165.73,158.665,505400,2026-05-08
FCNCA,"First Citizens Bancs",1951.93,-1.49,-0.08%,1956.12,1964.18,1938.28,46300,2026-05-08
FCX,"Freeport-Mcmoran Inc",61.65,1.04,+1.72%,61.78,62.28,60.7,12202600,2026-05-08
FDS,"Factset Research Systems Inc",223.61,-0.37,-0.17%,221.13,226.38,215.36,775400,2026-05-08
FDX,"Fedex Corp",378.58,2.65,+0.70%,378.21,383.31,375.5,1369800,2026-05-08
FE,"Firstenergy Corp",44.33,-0.84,-1.86%,45.21,45.5,44.28,6388600,2026-05-08
FERG,"Ferguson Enterprises Inc",241.34,-5.19,-2.11%,246.53,247.15,240.23,1382100,2026-05-08
FFIV,"F5 Inc",354.03,9.01,+2.61%,345.03,354.52,342.83,708700,2026-05-08
FHB,"First Hawaiian Inc",27.34,-0.09,-0.33%,27.45,27.5,27.25,1550500,2026-05-08
FHN,"First Horizon Corp",24.61,0.14,+0.57%,24.59,24.735,24.4348,4129800,2026-05-08
FICO,"Fair Isaac and Company",1126,-2.39,-0.21%,1122,1132.9301,1100,315400,2026-05-08
FIGR,"Figure Technology Solutions Inc Cl A",37.63,0.12,+0.32%,37.51,37.85,36.57,2564800,2026-05-08
FIS,"Fidelity National Information Services",43.49,-3.76,-7.96%,44.5,45.595,43.28,11469000,2026-05-08
FISV,"Fiserv Inc",55.48,-1.33,-2.34%,56.75,56.75,54.64,5568900,2026-05-08
FITB,"Fifth Third Bancorp",49.33,-0.34,-0.68%,49.85,50.03,49.28,4216500,2026-05-08
FIVE,"Five Below Inc",223.13,1.88,+0.85%,224.57,226,220,970400,2026-05-08
FIX,"Comfort Systems USA",1952.37,10.35,+0.53%,1980,1980,1921.66,265900,2026-05-08
FLEX,"Flextronics Intl Ltd",142.17,9.16,+6.89%,137.71,142.59,135.39,10301000,2026-05-08
FLO,"Flowers Foods",8.44,-0.13,-1.52%,8.58,8.615,8.395,4702000,2026-05-08
FLS,"Flowserve Corp",71.13,-0.41,-0.57%,72.26,72.42,70.49,2051300,2026-05-08
FLUT,"Flutter Entertainment Plc",101.19,-0.01,-0.01%,101.26,104.76,100.64,2897000,2026-05-08
FMC,"FMC Corp",13.4,-0.28,-2.05%,13.69,13.81,13.36,3858600,2026-05-08
FNB,"F.N.B. Corp",17.9,-0.02,-0.11%,17.96,18.04,17.86,3118000,2026-05-08
FND,"Floor & Decor Holdings Inc",51.73,0.20999999999999,+0.41%,51.28,52.7,50.84,3044100,2026-05-08
FNF,"Fidelity National Financial",50.58,0.31,+0.62%,50.33,51.15,49.83,2139400,2026-05-08
FOUR,"Shift4 Payments Inc",42.58,-4.27,-9.11%,46.22,46.69,42.41,1767500,2026-05-08
FOX,"Fox Corp Cl B",56.6,0.1,+0.18%,56.21,56.66,55.64,939700,2026-05-08
FOXA,"Fox Corp Cl A",62.94,0.25,+0.40%,62.66,63.11,61.74,4250000,2026-05-08
FR,"First Industrial Realty Trust",62.75,0.33,+0.53%,62.75,62.96,62.39,714200,2026-05-08
FRHC,"The Awareness Group",139.81,0.78,+0.56%,140.6,140.6,136.62,59700,2026-05-08
FRMI,"Fermi Inc",5.23,0.11,+2.15%,5.17,5.43,5.05,7465700,2026-05-08
FRPT,"Freshpet Inc CS",53.08,-2.79,-4.99%,55.79,55.89,52.13,1869700,2026-05-08
FRT,"Federal Realty Investment Trust",115.68,0.010000000000005,+0.01%,116.42,116.57,115.25,984300,2026-05-08
FSLR,"First Solar Inc",219.95,5.38,+2.51%,216.92,221.21,212.01,1938600,2026-05-08
FTAI,"Ftai Aviation Ltd",270.29,-2.25,-0.83%,286.95,286.95,265.81,968000,2026-05-08
FTI,"Technipfmc Plc",70.15,-0.88,-1.24%,71.64,71.81,70.13,3553400,2026-05-08
FTNT,"Fortinet Inc",114.07,6.1,+5.65%,107.3,114.66,106.67,9904300,2026-05-08
FTV,"Fortive Corp",60.43,-0.47,-0.77%,60.88,61.115,60.34,2769400,2026-05-08
FWONA,"Liberty Media Formula One Sr A",85.95,0.24,+0.28%,86.34,87.51,85.13,139400,2026-05-08
FWONK,"Liberty Media Formula One Sr C",94.45,0.97,+1.04%,93.8,96.02,93.5,2735600,2026-05-08
G,"Genpact Ltd",32.56,-1.92,-5.57%,34.18,34.63,31.47,5439100,2026-05-08
GAP,"Gap Inc",23.37,-0.53,-2.22%,24.08,24.12,23.24,6911000,2026-05-08
GD,"General Dynamics Corp",346.53,-1.23,-0.35%,347.65,348.85,344.01,1558400,2026-05-08
GDDY,"Godaddy Inc",91.02,1.27,+1.42%,88.26,91.22,85.93,2120700,2026-05-08
GE,"GE Aerospace",297.15,-5.48,-1.81%,304.45,305.41,296.83,3952200,2026-05-08
GEHC,"GE Healthcare Technologies Inc",63.47,2.13,+3.47%,62.51,63.49,62,8357200,2026-05-08
GEN,"Gen Digital Inc",22.68,2.49,+12.33%,21.06,22.76,21.02,17306801,2026-05-08
GEV,"GE Vernova Inc",1040.15,-5.48,-0.52%,1067.34,1069.295,1034.4301,1828600,2026-05-08
GFS,"Globalfoundries Inc",74.12,3.19,+4.50%,71.99,75.17,70.6,6172300,2026-05-08
GGG,"Graco Inc",77.59,-1.08,-1.37%,78.82,79.055,77.42,947100,2026-05-08
GILD,"Gilead Sciences Inc",131.33,-2.73,-2.04%,130,133.34,129,10250300,2026-05-08
GIS,"General Mills",34.68,-1.03,-2.88%,35.64,35.64,34.62,9943700,2026-05-08
GL,"Globe Life Inc",151.08,-1.37,-0.90%,152.98,153.99,150.805,469000,2026-05-08
GLIBA,"Gci Liberty Inc Series A Gci",26.77,-0.39,-1.44%,27.6,28.07,25.92,98400,2026-05-08
GLIBK,"Gci Liberty Inc Series C Gci",26.26,-0.51,-1.91%,26.77,27.32,25.33,1559800,2026-05-08
GLOB,"Globant S.A.",39.23,-1.74,-4.25%,40.39,40.39,38.49,1472300,2026-05-08
GLPI,"Gaming & Leisure",48.22,0.3,+0.62%,47.97,48.38,47.95,928200,2026-05-08
GLW,"Corning Inc",186.94,4.54,+2.49%,187.21,198.25,184.98,20589300,2026-05-08
GM,"General Motors Company",78.8,0.39,+0.50%,79.13,79.33,78.0691,2950200,2026-05-08
GME,"Gamestop Corp",24.28,0.31,+1.29%,24.14,24.42,23.82,5957700,2026-05-08
GMED,"Globus Medical Inc",77.95,-7.12,-8.37%,85.55,85.55,76.52,6038700,2026-05-08
GNRC,"Generac Holdings Inc",269.41,2.66,+1.00%,270,272.4,263.435,634400,2026-05-08
GNTX,"Gentex Corp",23.39,0.31,+1.34%,23.25,23.41,23.03,1415100,2026-05-08
GOOG,"Alphabet Cl C",397.05,1.75,+0.44%,394.27,398.37,393.67,13762400,2026-05-08
GOOGL,"Alphabet Cl A",400.8,2.81,+0.71%,397,402,396.36,21461799,2026-05-08
GPC,"Genuine Parts Company",104.72,-0.53,-0.50%,106.37,106.68,104.5,955300,2026-05-08
GPK,"Graphic Packaging Holding Company",10.63,-0.4,-3.63%,11.01,11.1,10.59,6743200,2026-05-08
GPN,"Global Payments Inc",69.19,-0.94,-1.34%,69.99,70.6,68.58,3560700,2026-05-08
GRMN,"Garmin Ltd",240.09,-1.81,-0.75%,243.06,243.995,239.97,483100,2026-05-08
GS,"Goldman Sachs Group",936.48,10.61,+1.15%,936,939.78,927.4634,1665000,2026-05-08
GTES,"Gates Industrial Corp Plc",26.09,0.11,+0.42%,26.21,26.275,25.93,1360800,2026-05-08
GTLB,"Gitlab Inc Cl A",25.98,0.06,+0.23%,25.32,26.02,24.7,3963400,2026-05-08
GTM,"Zoominfo Technologies Inc Cl A",6.38,-0.25,-3.77%,6.54,6.59,6.2,19864100,2026-05-08
GWRE,"Guidewire Software Inc",138.45,-1.13,-0.81%,136.96,138.6,132.0626,647800,2026-05-08
GWW,"W.W. Grainger",1233.71,-0.39,-0.03%,1239.5699,1252.65,1218.5601,303300,2026-05-08
GXO,"Gxo Logistics Inc",51.61,-0.27,-0.52%,52.24,52.65,51.03,1541200,2026-05-08
H,"Hyatt Hotels Corp",167.6,-2.87,-1.68%,170.5,171.96,166.63,1064800,2026-05-08
HAL,"Halliburton Company",39.83,0.71,+1.81%,39.1531,40.335,39.14,9047500,2026-05-08
HALO,"Halozyme Therapeutic",64.12,-1.07,-1.64%,65.44,65.78,64,1706500,2026-05-08
HAS,"Hasbro Inc",97.78,0.39,+0.40%,97.99,98.2,96.34,1129100,2026-05-08
HAYW,"Hayward Holdings Inc",14.58,-0.19,-1.29%,14.82,14.94,14.5,3319100,2026-05-08
HBAN,"Huntington Bancshares Inc",16.12,-0.07,-0.43%,16.24,16.31,16.03,26015701,2026-05-08
HCA,"Hca Holdings Inc",435.19,6.17,+1.44%,433.45,438,431.42,1599200,2026-05-08
HD,"Home Depot",317.45,-5.19,-1.61%,322.68,324,316.8,4995400,2026-05-08
HEI,"Heico Corp",292.52,2.92,+1.01%,291.01,294.05,285.34,978400,2026-05-08
HEI.A,"Heico Corp Cl A",221.64,0.91,+0.41%,221.42,222.88,217.7,234200,2026-05-08
HHH,"Howard Hughes Holdings Inc",65.77,2.25,+3.54%,64.82,66.21,64.24,583100,2026-05-08
HIG,"The Hartford Insurance Group Inc",132.02,-0.65,-0.49%,132.95,133.37,131.65,1086400,2026-05-08
HII,"Huntington Ingalls Industries",316.28,1.5599999999999,+0.50%,317.41,319.89,313.43,615300,2026-05-08
HIW,"Highwoods Properties",25.42,-0.15,-0.59%,25.69,25.85,25.38,1547700,2026-05-08
HLI,"Houlihan Lokey",152.87,-0.63,-0.41%,153.33,155.08,150.5,1049400,2026-05-08
HLNE,"Hamilton Lane Inc Cl A",89,0.04,+0.04%,88.89,89.46,85.9,766700,2026-05-08
HLT,"Hilton Inc",316.78,-3.52,-1.10%,321.71,323.45,316.38,1450100,2026-05-08
HOG,"Harley-Davidson Inc",25.42,1.78,+7.53%,23.85,25.44,23.69,3471600,2026-05-08
HON,"Honeywell International Inc",213.12,-2.95,-1.37%,216.48,216.66,212.76,3731700,2026-05-08
HOOD,"Robinhood Markets Inc Cl A",77.03,0.75,+0.98%,76.24,77.07,74.25,18141799,2026-05-08
HPE,"Hewlett Packard Enterprise Comp",31.35,1.65,+5.56%,30,31.35,29.8318,17520900,2026-05-08
HPQ,"HP Inc",22.68,1.69,+8.05%,21.08,22.739,21,21550900,2026-05-08
HR,"Healthcare Realty Trust Inc.",20.15,0.16,+0.80%,20.14,20.23,20.025,4730600,2026-05-08
HRB,"H&R Block",36.96,0.67,+1.85%,35.93,37,34.6701,4135800,2026-05-08
HRL,"Hormel Foods Corp",20.44,-0.31,-1.49%,20.84,20.85,20.42,4072600,2026-05-08
HSIC,"Henry Schein Inc",70.82,0.32,+0.45%,70.67,71.35,69.34,1436800,2026-05-08
HST,"Host Marriott Financial Trust",22.27,0.6,+2.77%,21.88,22.28,21.83,6436000,2026-05-08
HSY,"Hershey Foods Corp",185.94,-1.12,-0.60%,187,187.765,184.755,1587700,2026-05-08
HUBB,"Hubbell Inc B",492.58,-0.46,-0.09%,498.32,500.61,490.01,499300,2026-05-08
HUBS,"Hubspot Inc",197.34,-46.38,-19.03%,185.95,198.09,180.5,6513600,2026-05-08
HUM,"Humana Inc",274.96,27.84,+11.27%,250,274.97,247.5,3151800,2026-05-08
HUN,"Huntsman Corp",14.96,0.22,+1.49%,14.9,15.06,14.665,3806200,2026-05-08
HWM,"Howmet Aerospace Inc",270.56,-1.86,-0.68%,273.42,275.815,269.21,3186700,2026-05-08
HXL,"Hexcel Corp",95.32,-0.45,-0.47%,96.44,96.79,94.86,904500,2026-05-08
IAC,"Iac Inc",44.06,0.94,+2.18%,42.84,44.34,42.47,1628800,2026-05-08
IBKR,"Interactive Brokers",84.42,0.71,+0.85%,84.58,85.2,83.5,3595200,2026-05-08
IBM,"Intl Business Machines",229.76,0.13999999999999,+0.06%,229.73,230.705,224.83,5332800,2026-05-08
ICE,"Intercontinental Exchange",155.82,-0.29,-0.19%,156.08,156.97,153.59,2953000,2026-05-08
IDA,"Idacorp Inc",144,0.83000000000001,+0.58%,143.93,144.655,143.18,402300,2026-05-08
IDXX,"Idexx Laboratories",560.11,-12.09,-2.11%,572.2,572.2,555.18,476600,2026-05-08
IEX,"Idex Corp",216.92,2.05,+0.95%,216.36,218.38,214.08,592500,2026-05-08
IFF,"International Flavors & Fragrances",81.05,2.79,+3.57%,78.49,81.32,77.81,2276100,2026-05-08
ILMN,"Illumina Inc",141.88,3.17,+2.29%,138,142.2,134.67,1499700,2026-05-08
INCY,"Incyte Corp",98.56,0.79,+0.81%,98.6,99.87,97.47,877800,2026-05-08
INGM,"Ingram Micro Holding Corp",27.2,0.33,+1.23%,27.03,27.62,26.71,1731600,2026-05-08
INGR,"Ingredion Inc",107.39,0.030000000000001,+0.03%,108.4,109.07,107,701000,2026-05-08
INSM,"Insmed Inc",101.35,-3.65,-3.48%,108.01,108.63,98.98,8588199,2026-05-08
INSP,"Inspire Medical Systems Inc",44.26,-1.31,-2.87%,45.31,45.715,43.99,971700,2026-05-08
INTC,"Intel Corp",124.92,15.3,+13.96%,111.81,130.57,111.8,227681297,2026-05-08
INTU,"Intuit Inc",396.31,-10.47,-2.57%,395.54,399.71,385.2,2348400,2026-05-08
INVH,"Invitation Homes Inc",28.73,-0.24,-0.83%,29.02,29.08,28.715,5388500,2026-05-08
IONS,"Ionis Pharmaceuticals",75.71,-0.31,-0.41%,76.45,77.4,75.24,1656200,2026-05-08
IOT,"Samsara Inc Cl A",29.74,-0.37,-1.23%,29.53,29.93,28.68,4048800,2026-05-08
IP,"International Paper Company",33.03,-0.05,-0.15%,33.24,33.41,32.72,4919200,2026-05-08
IPGP,"Ipg Photonics Corp",104.49,2.96,+2.92%,105,106.27,102.92,441200,2026-05-08
IQV,"Iqvia Holdings Inc",178.71,0.070000000000022,+0.04%,182.43,182.62,175.28,1083000,2026-05-08
IR,"Ingersoll Rand Inc",75.75,-1.75,-2.26%,78.06,78.14,75.48,2808200,2026-05-08
IRDM,"Iridium Comm Inc",41.46,1.27,+3.16%,40.58,41.91,39.44,2573900,2026-05-08
IRM,"Iron Mountain Inc",128.84,2.03,+1.60%,127.91,129.76,127.2,1141500,2026-05-08
ISRG,"Intuitive Surg Inc",450.06,-3.43,-0.76%,454.31,454.32,447,2402300,2026-05-08
IT,"Gartner Inc",158.65,0.87,+0.55%,155.86,159.95,150.65,1204600,2026-05-08
ITT,"ITT Inc",206.15,-1.64,-0.79%,211.43,213.07,205.44,651600,2026-05-08
ITW,"Illinois Tool Works Inc",254.76,-0.77,-0.30%,256.1,257.285,253.97,884600,2026-05-08
IVZ,"Invesco Limited",27.59,0.76,+2.83%,27.09,27.615,26.79,4883700,2026-05-08
J,"Jacobs Engineering Group Inc",118.43,-4.33,-3.53%,122.96,123,118.38,1512200,2026-05-08
JAZZ,"Jazz Pharma Plc",225.79,-1.17,-0.52%,228.73,230,223.34,741200,2026-05-08
JBHT,"J B Hunt Transport",245.4,3.21,+1.33%,242.19,246.25,240,612400,2026-05-08
JBL,"Jabil Circuit",355.15,5.55,+1.59%,355.83,362.31,353.325,1300700,2026-05-08
JCI,"Johnson Controls Intl",139.52,0.27000000000001,+0.19%,140.65,142.33,139.33,2582400,2026-05-08
JEF,"Jefferies Financial Group Inc",52.98,1.52,+2.95%,51.85,52.99,51.535,2014400,2026-05-08
JHG,"Janus Henderson Group Plc",51.69,0.009999999999998,+0.02%,51.69,51.69,51.65,769100,2026-05-08
JHX,"James Hardie Industries Se ADR",20.98,0.51,+2.49%,20.83,21.01,20.505,3572500,2026-05-08
JKHY,"Jack Henry & Assoc",145.84,-0.19,-0.13%,144.89,146.66,142.62,1171500,2026-05-08
JLL,"Jones Lang Lasalle Inc",329.87,1.81,+0.55%,331.59,334.54,327.87,274100,2026-05-08
JNJ,"Johnson & Johnson",221.32,-1.19,-0.53%,222.94,223.37,220.9201,5550500,2026-05-08
JPM,"JP Morgan Chase & Company",302.1,-4.17,-1.36%,308.25,308.99,300.5,9464200,2026-05-08
KBR,"KBR Inc",32.54,-0.66,-1.99%,33,33.06,31.56,2547900,2026-05-08
KD,"Kyndryl Hldgs Inc",12.26,-0.38,-3.01%,12.55,12.58,12.11,5301600,2026-05-08
KDP,"Keurig Dr Pepper Inc",28.83,0.31,+1.09%,28.52,29.17,28.46,9205700,2026-05-08
KEX,"Kirby Corp",142.24,0.02000000000001,+0.01%,142.81,143.57,141.81,459800,2026-05-08
KEY,Keycorp,21.6,-0.09,-0.41%,21.8,21.84,21.53,8600800,2026-05-08
KEYS,"Keysight Technologies Inc",360.3,5.24,+1.48%,362.79,364.3,358.12,1113000,2026-05-08
KHC,"Kraft Heinz Company",23.96,0.32,+1.35%,23.62,24.15,23.44,13357301,2026-05-08
KIM,"Kimco Realty Corp",23.48,-0.05,-0.21%,23.6,23.68,23.47,4456400,2026-05-08
KKR,"KKR & Company LP",102.52,2.18,+2.17%,100.03,102.94,98.71,5948700,2026-05-08
KLAC,"K L A-Tencor Corp",1869.19,105.94,+6.01%,1816.63,1889.06,1805,1289700,2026-05-08
KMB,"Kimberly-Clark Corp",98.31,-1.25,-1.26%,99.81,100.1,98.21,3181500,2026-05-08
KMI,"Kinder Morgan Inc",31.41,-0.11,-0.35%,31.54,31.79,31.23,8886400,2026-05-08
KMPR,"Kemper Corp",30.29,0.89,+3.03%,29.63,30.65,29.36,1157700,2026-05-08
KMX,"Carmax Inc",40.34,0.43000000000001,+1.08%,39.99,40.43,39.52,2315000,2026-05-08
KNSL,"Kinsale Capital Group Inc",304.87,-3.96,-1.28%,309.1,311.995,303.431,317500,2026-05-08
KNX,"Knight-Swift Transporation Inc",64.05,0.61,+0.96%,63.91,64.515,63.0001,2020100,2026-05-08
KO,"Coca-Cola Company",78.42,-0.01,-0.01%,78.57,79.2,78.115,12447100,2026-05-08
KR,"Kroger Company",65.64,-0.77,-1.16%,66.21,66.555,65.64,3374600,2026-05-08
KRC,"Kilroy Realty Corp",34.9,0.33,+0.95%,34.62,35.32,34.42,1296600,2026-05-08
KRMN,"Karman Holdings Inc",60.84,0.39,+0.65%,61.4,61.6499,58.7701,1750800,2026-05-08
KVUE,"Kenvue Inc",17.59,-0.13,-0.73%,17.84,17.84,17.55,20211800,2026-05-08
L,"Loews Corp",104.5,0.090000000000003,+0.09%,104.61,104.69,103.62,1005300,2026-05-08
LAD,"Lithia Motors",293.99,3.46,+1.19%,292.29,294.08,289.24,163800,2026-05-08
LAMR,"Lamar Advertis A",157.93,6.73,+4.45%,152.29,158.69,151.26,1346800,2026-05-08
LAZ,"Lazard Inc",48.08,1.64,+3.53%,46.66,48.22,46.14,1821000,2026-05-08
LBRDA,"Liberty Broadband Corp Sr A",36.04,-1.26,-3.38%,37.24,37.24,35.98,198600,2026-05-08
LBRDK,"Liberty Broadband Corp Sr C",36.1,-1.27,-3.40%,37.27,37.47,36.08,1300600,2026-05-08
LBTYA,"Liberty Global Ltd Ord A",12.15,-0.12,-0.98%,12.37,12.37,12.11,1306400,2026-05-08
LBTYK,"Liberty Global Ltd Ord C",11.82,-0.11,-0.92%,11.87,12.02,11.76,780000,2026-05-08
LCID,"Lucid Group Inc",6.34,0.29,+4.79%,6.03,6.37,5.97,13085301,2026-05-08
LDOS,"Leidos Holdings Inc",130.11,-1.15,-0.88%,131.12,131.12,127.865,1515800,2026-05-08
LEA,"Lear Corp",139.69,4.4,+3.25%,136.15,139.75,135.56,569000,2026-05-08
LECO,"Lincoln Elec Holdings",271.11,-0.01,0.00%,273.64,273.64,269.39,287500,2026-05-08
LEN,"Lennar Corp",88.38,0.64,+0.73%,88.13,88.79,87.0412,1501700,2026-05-08
LEN.B,"Lennar Corp Cl B",86.09,1.41,+1.67%,86.2,86.59,84.7179,37100,2026-05-08
LFUS,"Littelfuse Inc",457.03,15.45,+3.50%,448.03,459.05,442.05,335400,2026-05-08
LH,"Laboratory Corp of America Holdings",254.12,-3.93,-1.52%,258.23,259.99,252.65,581200,2026-05-08
LHX,"L3Harris Technologies Inc",299.64,-1.54,-0.51%,300.84,302.9651,297.66,1189800,2026-05-08
LII,"Lennox International",521.25,-5.36,-1.02%,528,534.0699,520.9,244500,2026-05-08
LIN,"Linde Plc",493.16,-0.69,-0.14%,494,497.58,492.26,1686200,2026-05-08
LINE,"Lineage Inc",39.96,-0.01,-0.03%,39.95,40.35,39.48,1273300,2026-05-08
LITE,"Lumentum Holdings",903.8,11.22,+1.26%,917,934.92,866,6727600,2026-05-08
LKQ,"LKQ Corp",28.89,0.18,+0.63%,28.85,29.47,28.62,2527000,2026-05-08
LLY,"Eli Lilly and Company",948.45,-26.51,-2.72%,974.07,980,947.51,3559100,2026-05-08
LLYVA,"Liberty Live Holdings Inc Series A",93.59,-1.8,-1.89%,96.94,97.08,93.38,100700,2026-05-08
LLYVK,"Liberty Live Holdings Inc Series C",95.75,-1.66,-1.70%,99.15,99.15,95.43,226500,2026-05-08
LMT,"Lockheed Martin Corp",506.51,-5.9,-1.15%,508.59,512,504.5001,1293800,2026-05-08
LNC,"Lincoln National Corp",35.8,-0.14,-0.39%,36.21,36.58,35.26,2717700,2026-05-08
LNG,"Cheniere Energy",240.11,-6.67,-2.70%,244.01,246.83,238.15,2661700,2026-05-08
LNT,"Alliant Energy Corp",71.76,0.07,+0.10%,71.98,72.27,71.46,2582600,2026-05-08
LOAR,"Loar Holdings Inc",59.8,-0.3,-0.50%,60.58,64.845,59.69,1837400,2026-05-08
LOPE,"Grand Canyon Educati",166.09,1.61,+0.98%,165.87,167.6,164.16,286800,2026-05-08
LOW,"Lowe's Companies",229.2,-1.68,-0.73%,232.96,232.96,228.15,1746400,2026-05-08
LPLA,"Lpl Financial Holdings",303.52,-6.1,-1.97%,311.95,314.31,302.03,1133300,2026-05-08
LPX,"Louisiana-Pacific Corp",75.15,-0.34,-0.45%,75.84,76.5,74.26,1487300,2026-05-08
LRCX,"Lam Research Corp",294.05,7.53,+2.63%,295.71,297.42,287.52,8996601,2026-05-08
LSCC,"Lattice Semicond",127.19,7.27,+6.06%,122.5,127.29,122.07,2790800,2026-05-08
LSTR,"Landstar System",183.39,1.44,+0.79%,181.94,184.14,180.85,321800,2026-05-08
LULU,"Lululemon Athletica",131.18,-2.41,-1.80%,133.12,133.72,131.07,2082000,2026-05-08
LUV,"Southwest Airlines Company",41.31,-0.08,-0.19%,41.82,42.22,40.97,4938800,2026-05-08
LVS,"Las Vegas Sands",53.11,-0.67,-1.25%,54.27,54.62,52.87,6260500,2026-05-08
LW,"Lamb Weston Holdings Inc",42.01,-0.64,-1.50%,42.62,42.62,41.88,983900,2026-05-08
LYB,"Lyondellbasell Industries NV",71.76,0.25,+0.35%,71.69,72.88,70.76,4019500,2026-05-08
LYFT,"Lyft Inc Cl A",14.35,0.19,+1.34%,14.11,14.63,13.8,28551801,2026-05-08
LYV,"Live Nation Entertainment",163.28,-2.47,-1.49%,166.57,167.01,162.25,3571300,2026-05-08
M,"Macy's Inc",19.48,0.25,+1.30%,19.35,19.615,19.14,3806800,2026-05-08
MA,"Mastercard Inc",495.48,-5.46,-1.09%,500.13,500.41,491.7275,4143600,2026-05-08
MAA,"Mid-America Apartment Communities",129.31,-1.05,-0.81%,130.39,130.775,128.75,767000,2026-05-08
MAN,"Manpower Inc",29.84,-0.61,-2.00%,30.38,30.38,29.1,504500,2026-05-08
MANH,"Manhattan Assoc",143.02,-0.64,-0.45%,142.24,143.3,137.8,496300,2026-05-08
MAR,"Marriot Int Cl A",353.18,1.13,+0.32%,353.48,358.39,352.33,1067900,2026-05-08
MAS,"Masco Corp",71.74,-0.19,-0.26%,72.22,72.69,71.07,2780800,2026-05-08
MASI,"Masimo Corp",178.31,-0.19,-0.11%,178.58,178.58,178.26,757700,2026-05-08
MAT,"Mattel Inc",15.39,0.39,+2.60%,15.2,15.56,15.04,6535300,2026-05-08
MCD,"McDonald's Corp",275.75,-7.95,-2.80%,285,286.5,274.83,6044000,2026-05-08
MCHP,"Microchip Technology",99.09,-2.49,-2.45%,105.05,105.91,96.82,18857301,2026-05-08
MCK,"Mckesson Corp",736.09,-18.67,-2.47%,739.75,772.42,726.02,2179500,2026-05-08
MCO,"Moody's Corp",451.32,-5.78,-1.26%,457.1,459.14,446.96,762800,2026-05-08
MDB,"Mongodb Inc Cl A",299.47,6.05,+2.06%,289.65,301.15,282.05,1813000,2026-05-08
MDLN,"Medline Inc Cl A",39.52,-2.34,-5.59%,41.81,42.22,39.1,11853199,2026-05-08
MDLZ,"Mondelez Intl Inc",61.55,0.24,+0.39%,61.25,62.06,61.24,6472000,2026-05-08
MDT,"Medtronic Inc",76.15,-1.81,-2.32%,78.34,78.34,75.91,10199400,2026-05-08
MDU,"Mdu Res Group Inc",22.49,0.02,+0.09%,22.75,22.75,22.4,1421500,2026-05-08
MEDP,"Medpace Holdings Inc",424,-4.71,-1.10%,430.51,430.51,418.04,291500,2026-05-08
MET,"Metlife Inc",78.08,-0.74,-0.94%,79.05,79.45,77.61,3051000,2026-05-08
META,"META Platforms Inc",609.63,-7.18,-1.16%,615.2,616.77,606.06,13556899,2026-05-08
MGM,"MGM Resorts International",38.79,0.68,+1.78%,38.39,38.91,37.915,3754900,2026-05-08
MHK,"Mohawk Industries",103.83,1.09,+1.06%,103.24,104.205,101.18,822400,2026-05-08
MIDD,"Middleby Corp",164.67,6.44,+4.07%,161.2,166.89,158.57,1107700,2026-05-08
MKC,"Mccormick & Company",48.32,0.42,+0.88%,48.12,49.08,48.07,3860500,2026-05-08
MKL,"Markel Corp",1814.64,14.67,+0.82%,1803.41,1825.5601,1791.0601,73100,2026-05-08
MKSI,"Mks Inc",313.21,12.42,+4.13%,318.7,324.42,308.83,1736800,2026-05-08
MKTX,"Marketaxess Holdings",147.53,-5.13,-3.36%,150.96,151.88,145.95,573400,2026-05-08
MLI,"Mueller Industries",140.83,3.07,+2.23%,140.38,141.51,138.33,526700,2026-05-08
MLM,"Martin Marietta Materials",590.38,-10.11,-1.68%,602.87,602.87,589.45,337000,2026-05-08
MMM,"3M Company",143.29,-0.46,-0.32%,144.72,145.3,142.8,2565900,2026-05-08
MNST,"Monster Beverage Corp",86.29,10.32,+13.58%,84.5,88.77,83.13,15284800,2026-05-08
MO,"Altria Group",68.12,-0.92,-1.33%,69.16,69.685,68.07,7334900,2026-05-08
MOH,"Molina Healthcare Inc",185.94,-5.91,-3.08%,193.02,194.72,177.65,1540600,2026-05-08
MORN,"Morningstar Inc",176.7,-1.21,-0.68%,176.61,178.9,172.02,522900,2026-05-08
MOS,"Mosaic Company",22.19,-0.72,-3.14%,22.97,23.27,22.17,9629200,2026-05-08
MP,"MP Materials Corp",67.43,-1.7,-2.46%,73.7,76.8,66.51,11619300,2026-05-08
MPC,"Marathon Petroleum Corp",244.87,2.61,+1.08%,242.2,247.885,238.71,2575000,2026-05-08
MPT,"Medical Properties Trust Inc",5.17,-0.16,-3.00%,5.35,5.3688,5.12,5885800,2026-05-08
MPWR,"Monolithic Power Sys",1600.84,24.88,+1.58%,1608.64,1617.05,1581.94,686700,2026-05-08
MRK,"Merck & Company",111.38,-0.92,-0.82%,112.38,113.01,111.18,5725100,2026-05-08
MRNA,"Moderna Inc",54.35,5.81,+11.97%,49,57.78,48.98,20925799,2026-05-08
MRP,"Millrose Properties Inc",26.93,0.030000000000001,+0.11%,27.14,27.65,26.78,2422100,2026-05-08
MRSH,"Marsh & Mclennan Companies Inc",163.25,-2.78,-1.67%,165.54,166.7521,162.5,1948100,2026-05-08
MRVL,"Marvell Technology Inc",170.13,10.12,+6.32%,164.68,170.59,162.9,20588900,2026-05-08
MS,"Morgan Stanley",193.09,2.92,+1.54%,190.88,193.5,190.47,5873800,2026-05-08
MSA,"Msa Safety Inc",169.94,-1.96,-1.14%,173.62,173.62,169.23,221400,2026-05-08
MSCI,"MSCI Inc",585.42,-2.95,-0.50%,589.13,590.505,577.445,625100,2026-05-08
MSFT,"Microsoft Corp",415.12,-5.65,-1.34%,417.39,418.63,414,33383699,2026-05-08
MSGS,"Madison Square Garden Sports Corp",330.13,-2.39,-0.72%,333.44,334.305,320.57,324900,2026-05-08
MSI,"Motorola Solutions",383.99,-49.21,-11.36%,417,424.4,381.25,3101600,2026-05-08
MSM,"Msc Industrial Direct Company",104.28,-0.03,-0.03%,104.74,106.43,103.44,604700,2026-05-08
MSTR,"Strategy Inc",187.59,7.75,+4.31%,178.68,187.77,177.6,15985200,2026-05-08
MTB,"M&T Bank Corp",212.14,-0.88,-0.41%,213.77,213.855,211.78,668400,2026-05-08
MTCH,"Match Group Inc",36.96,1.13,+3.15%,35.74,37.04,35.72,3970000,2026-05-08
MTD,"Mettler-Toledo International",1124.46,-194.83,-14.77%,1193.05,1228.88,1110.8199,539200,2026-05-08
MTDR,"Matador Resources Company",55.26,0.064999999999998,+0.12%,55.37,56.055,54.9,2683600,2026-05-08
MTG,"Mgic Investment Corp",26.75,0.17,+0.64%,26.94,27.02,26.54,2355400,2026-05-08
MTN,"Vail Resorts",125.42,0.16,+0.13%,125.69,127.11,123.91,827700,2026-05-08
MTSI,"Macom Technology S",359.88,15.41,+4.47%,356.93,364,349.74,1769000,2026-05-08
MTZ,"Mastec Inc",414.29,2.02,+0.49%,416.39,420.11,409.99,681300,2026-05-08
MU,"Micron Technology",746.81,100.18,+15.49%,676.45,747.21,676.21,65130902,2026-05-08
MUSA,"Murphy USA Inc",577.87,-2.93,-0.50%,583.3,592.34,574.905,177200,2026-05-08
NBIX,"Neurocrine Bioscienc",152.25,2.66,+1.78%,150,154.74,149.54,1414900,2026-05-08
NCLH,"Norwegian Cruise Ord",17.08,-0.14,-0.81%,17.28,17.49,16.89,17712800,2026-05-08
NCNO,"Ncino Inc",17.75,-0.03,-0.17%,17.53,17.86,17.28,1775700,2026-05-08
NDAQ,"Nasdaq Inc",88.91,-0.09,-0.10%,89.15,89.25,87.82,2559100,2026-05-08
NDSN,"Nordson Corp",283.53,-0.6,-0.21%,285.65,286.42,282.64,442900,2026-05-08
NEE,"Nextera Energy",93.1,-0.22,-0.24%,93.88,94.37,92.58,6230100,2026-05-08
NEM,"Newmont Mining Corp",116.51,3.02,+2.66%,115.95,117.29,114.97,5292400,2026-05-08
NET,"Cloudflare Inc Cl A",196.13,-60.66,-23.62%,217.22,219,192.27,18919000,2026-05-08
NEU,"Newmarket Corp",684.91,5.77,+0.85%,685.43,692.15,667.5516,79100,2026-05-08
NFG,"National Fuel Gas Company",79.52,-0.7,-0.87%,80.58,80.9,79.47,739200,2026-05-08
NFLX,"Netflix Inc",87.49,-0.76,-0.86%,87.71,88.04,87.21,36215098,2026-05-08
NI,"NiSource Inc",46.72,-0.3,-0.64%,47.24,47.3,46.655,3853300,2026-05-08
NIQ,"Niq Global Intelligence Plc",10.72,-0.48,-4.29%,11.16,11.16,10.68,638000,2026-05-08
NKE,"Nike Inc",44.14,-0.27,-0.61%,44.26,44.66,43.8,17357000,2026-05-08
NLY,"Annaly Capital Management Inc",22.61,0.23,+1.03%,22.45,22.6561,22.4303,4404700,2026-05-08
NNN,"NNN REIT Inc",44.36,-0.15,-0.34%,44.66,44.74,44.215,1753000,2026-05-08
NOC,"Northrop Grumman Corp",549.52,-2.75,-0.50%,554.97,555.03,544.2401,742600,2026-05-08
NOV,"Nov Inc",19.25,-0.05,-0.26%,19.48,19.61,19.14,3093500,2026-05-08
NOW,"Servicenow Inc",91.18,-2.41,-2.58%,91.13,91.85,88.99,24699000,2026-05-08
NRG,"NRG Energy",138.11,-3.75,-2.64%,143.55,144.96,137.76,2475000,2026-05-08
NSA,"National Storage Affiliates Tru",43.67,0.34,+0.78%,43.74,43.905,43.4,726700,2026-05-08
NSC,"Norfolk Southern Corp",312.01,-0.03,-0.01%,311.65,315.02,311.65,1705800,2026-05-08
NTAP,"Netapp Inc",118,5,+4.42%,113.37,118.22,112.6,2893800,2026-05-08
NTNX,"Nutanix Inc",46,0.07,+0.15%,45.41,46.02,44.12,3323600,2026-05-08
NTRA,"Natera Inc",194.24,-25.58,-11.64%,210,217.65,192.52,3925600,2026-05-08
NTRS,"Northern Trust Corp",160.41,0.38,+0.24%,160.95,161,159.55,790400,2026-05-08
NU,"Nu Holdings Ltd Cl A",13.8,-0.46,-3.23%,14.3,14.33,13.75,50885000,2026-05-08
NUE,"Nucor Corp",227.5,0.80000000000001,+0.35%,228.01,229.8799,225.89,965200,2026-05-08
NVDA,"Nvidia Corp",215.2,3.7,+1.75%,213.03,217.8,212.89,136421297,2026-05-08
NVR,"NVR Inc",5974.0698,-34.7803,-0.58%,6032.23,6065,5937.0098,13400,2026-05-08
NVST,"Envista Holdings Corp",24.24,-0.05,-0.21%,24.89,25.04,24.055,4873800,2026-05-08
NVT,"Nvent Electric Plc",169.95,3.22,+1.93%,169.94,170.89,166.25,1703400,2026-05-08
NWL,"Newell Rubbermaid Inc",4.54,0.09,+2.02%,4.48,4.55,4.44,5841300,2026-05-08
NWS,"News Corp Cl B",31.31,0.46,+1.49%,30.31,31.31,29.73,2393600,2026-05-08
NWSA,"News Corp Cl A",27.02,-0.02,-0.07%,26.81,27.03,25.97,8656899,2026-05-08
NXST,"Nexstar Media Group Inc",202.79,8.27,+4.25%,194.52,204.06,191.12,406200,2026-05-08
NYT,"New York Times Company",79.41,-0.77,-0.96%,80.31,80.985,79.07,1839200,2026-05-08
O,"Realty Income Corp",61.92,0.13,+0.21%,62.07,62.68,61.58,7270700,2026-05-08
OC,"Owens Corning Inc",121.67,-0.14,-0.11%,122.69,124.17,120.47,993000,2026-05-08
ODFL,"Old Dominion Freight Line Inc",198.33,0.27,+0.14%,197.76,202.41,196.32,1411100,2026-05-08
OGE,"Oge Energy Corp",47.35,0.020000000000003,+0.04%,47.51,47.76,47.255,1150700,2026-05-08
OGN,"Organon & Co.",13.35,0.029999999999999,+0.23%,13.36,13.365,13.28,6777300,2026-05-08
OHI,"Omega Healthcare Investors",47.19,1.06,+2.30%,46.4,47.28,46.37,1819800,2026-05-08
OKE,"Oneok Inc",85.16,-0.71,-0.83%,85.72,86.2,84.49,4063700,2026-05-08
OKTA,"Okta Inc Cl A",83.9,3.02,+3.73%,80.33,83.97,78.54,3746200,2026-05-08
OLED,"Universal Display",91.75,-0.99,-1.07%,93.25,93.25,90.5,917300,2026-05-08
OLLI,"Ollies Bargain CS",82.21,0.44,+0.54%,81.75,83.41,80.51,1132600,2026-05-08
OLN,"Olin Corp",26.84,0.079999999999998,+0.30%,27.17,28.23,26.65,2869500,2026-05-08
OMC,"Omnicom Group Inc",77.06,0.14,+0.18%,77.06,77.48,75.78,2837700,2026-05-08
OMF,"Onemain Holdings Inc",56.09,0.40000000000001,+0.72%,56,56.12,55.25,1449300,2026-05-08
ON,"On Semiconductor",103.2,2.59,+2.57%,101.99,103.31,100.73,10763000,2026-05-08
ONON,"On Holding Ag Cl A",35.24,-0.41,-1.15%,35.65,35.75,34.82,6087100,2026-05-08
ONTO,"Onto Innovation Inc",284.67,10.5,+3.83%,282.4,288,281.36,762800,2026-05-08
ORCL,"Oracle Corp",195.95,1.36,+0.70%,192.58,198,190.21,21158300,2026-05-08
ORI,"Old Republic International Corp",39.26,-0.22,-0.56%,39.55,39.72,38.98,1150300,2026-05-08
ORLY,"O'Reilly Automotive",92.96,-1.62,-1.71%,94.58,95.11,92.91,6340900,2026-05-08
OSK,"Oshkosh Truck Corp",137.97,-15.09,-9.86%,139.9,140.81,131.44,1937000,2026-05-08
OTIS,"Otis Worldwide Corp",74.82,-2.65,-3.42%,77.55,77.835,74.62,8748400,2026-05-08
OVV,"Ovintiv Inc",57.83,-0.48,-0.82%,58.74,58.74,57.2,4801800,2026-05-08
OWL,"Blue Owl Capital Inc",10.56,0.21,+2.03%,10.4,10.585,10.09,20238500,2026-05-08
OXY,"Occidental Petroleum Corp",53.03,-0.91,-1.69%,53.91,54.25,52.985,12962000,2026-05-08
OZK,"Bank Ozk",48.5,0.17,+0.35%,48.58,48.77,48.22,781400,2026-05-08
P,"Everpure Inc",78.16,2.11,+2.77%,77.82,79.385,74.85,3431600,2026-05-08
PAG,"Penske Automotive Group",173.81,2.2,+1.28%,172.73,174.48,169.89,269700,2026-05-08
PANW,"Palo Alto Networks Inc",207.88,11.35,+5.78%,194.85,208.09,193.43,11641700,2026-05-08
PATH,"Uipath Inc Cl A",10.79,-0.14,-1.28%,10.82,10.835,10.32,24799500,2026-05-08
PAYC,"Paycom Software Inc",136.87,-1.56,-1.13%,136.75,137.07,130.74,1190500,2026-05-08
PAYX,"Paychex Inc",93.93,-0.33,-0.35%,93.69,94.67,92,2446600,2026-05-08
PB,"Prosperity Bancshares",69.26,-0.16,-0.23%,69.53,69.84,69.11,602900,2026-05-08
PCAR,"Paccar Inc",114.31,0.26,+0.23%,114.46,114.92,113.56,2028800,2026-05-08
PCG,"Pacific Gas & Electric Company",16.07,-0.12,-0.74%,16.24,16.3575,16.045,15330300,2026-05-08
PCOR,"Procore Technologies Inc",53.28,-0.23,-0.43%,52.49,53.47,51.95,2777700,2026-05-08
PCTY,"Paylocity Holdings Corp",110.98,1.86,+1.70%,114.63,114.95,106.82,1851900,2026-05-08
PEG,"Public Service Enterprise Group Inc",77.13,-0.7,-0.90%,78,78.49,77.03,3509800,2026-05-08
PEGA,"Pegasystems Inc",35.97,-0.76,-2.06%,36.25,36.35,35.18,1622500,2026-05-08
PEN,"Penumbra Inc",322.23,-2.42,-0.75%,324.91,324.91,321.79,350000,2026-05-08
PENN,"Penn Entertainment Inc",16.74,-0.03,-0.18%,16.88,17,16.52,2200200,2026-05-08
PEP,"Pepsico Inc",154.62,-1.67,-1.07%,156.75,157.3,154.38,4934700,2026-05-08
PFE,"Pfizer Inc",25.68,-0.37,-1.42%,26.16,26.195,25.6,38903300,2026-05-08
PFG,"Principal Financial Group Inc",100.5,0.47,+0.47%,100.41,101.36,99.6,1022100,2026-05-08
PFGC,"Performance Food Group Company",93.12,0.41000000000001,+0.44%,93.18,94.78,92.905,2458000,2026-05-08
PG,"Procter & Gamble Company",146.42,0.35999999999999,+0.25%,146.55,147.515,146.21,5740900,2026-05-08
PGR,"Progressive Corp",194,-1.75,-0.89%,195.68,196.59,191.75,3308900,2026-05-08
PH,"Parker-Hannifin Corp",878.83,-6.02,-0.68%,891.99,892.5,875.07,753800,2026-05-08
PHM,Pultegroup,117.55,0.73,+0.62%,117.18,117.96,116.15,1313300,2026-05-08
PINS,"Pinterest Inc",21.27,-0.28,-1.30%,21.37,21.475,20.47,19162500,2026-05-08
PK,"Park Hotels & Resorts Inc",11.32,0.13,+1.16%,11.22,11.395,11.22,4756800,2026-05-08
PKG,"Packaging Corp of America",224.59,1.16,+0.52%,225.08,227.16,223.2265,456200,2026-05-08
PLD,"Prologis Inc",144.09,1.8,+1.27%,142.98,144.505,142.36,3267200,2026-05-08
PLNT,"Planet Fitness",45.88,1.87,+4.25%,42.52,46.5,41.5,7629100,2026-05-08
PLTR,"Palantir Technologies Inc Cl A",137.8,0.75,+0.55%,135.87,137.88,133.02,41745301,2026-05-08
PM,"Philip Morris International Inc",170.99,-0.12,-0.07%,171.83,172.245,170.31,4631800,2026-05-08
PNC,"PNC Bank",216.85,-2.44,-1.11%,220.19,221.05,216.47,1619300,2026-05-08
PNFP,"Pinnacle Finl Ptnrs",97.89,-0.77,-0.78%,98.93,99.72,97.34,882500,2026-05-08
PNR,"Pentair Ltd",76.82,-2.14,-2.71%,79.29,79.93,76.69,1436100,2026-05-08
PNW,"Pinnacle West Capital Corp",99.25,-0.28,-0.28%,99.78,100.355,99.02,1425700,2026-05-08
PODD,"Insulet Corp",154.16,-6.24,-3.89%,161.55,164.66,154,1737900,2026-05-08
POOL,"Pool Corp",187.77,-2.67,-1.40%,190.44,192.28,184.5,827300,2026-05-08
POST,"Post Holdings Inc",102.05,-0.94,-0.91%,96.46,103.51,96.29,1632400,2026-05-08
PPC,"Pilgrim's Pride",29.1,-1.3,-4.28%,30.33,30.51,29.09,1805500,2026-05-08
PPG,"PPG Industries",109.61,0.67999999999999,+0.62%,109.79,111.1,108.69,1391600,2026-05-08
PPL,"PPL Corp",35.91,-0.86,-2.34%,36.77,36.915,35.7,12293800,2026-05-08
PR,"Permian Resources Corp",19.72,-0.36,-1.79%,20.09,20.155,19.655,14459900,2026-05-08
PRGO,"Perrigo Company",11.71,-0.01,-0.09%,11.78,11.975,11.515,2450600,2026-05-08
PRI,"Primerica Inc",274.55,1.29,+0.47%,274.44,276.7,270.15,149400,2026-05-08
PRMB,"Primo Water Corp",23.23,0.99,+4.45%,22.35,24.17,22.07,9012800,2026-05-08
PRU,"Prudential Financial Inc",100.81,1.37,+1.38%,99.57,100.83,98.99,1775600,2026-05-08
PSA,"Public Storage",311.04,1.71,+0.55%,308.86,313.12,308.21,808400,2026-05-08
PSN,"Parsons Corp",49.18,-2.04,-3.98%,51.25,51.76,48.8,1134300,2026-05-08
PSX,"Phillips 66",171.56,3.25,+1.93%,168.08,171.96,166.82,2917600,2026-05-08
PTC,"Ptc Inc",146.65,-1.,-0.68%,146.33,146.91,142.47,1225900,2026-05-08
PVH,"Phillips-Van Heusen Corp",89.48,0.86,+0.97%,89.14,90.42,87.86,773300,2026-05-08
PWR,"Quanta Services",745,-5.73,-0.76%,761.67,762.22,744.01,1241700,2026-05-08
PYPL,"Paypal Holdings",45.37,-0.85,-1.84%,45.62,46.37,45.33,14073700,2026-05-08
Q,"Qnity Electronics Inc",147.33,3.74,+2.60%,147.78,149.3053,145.56,2008400,2026-05-08
QCOM,"Qualcomm Inc",219.09,16.54,+8.17%,213,228.05,208.63,37850000,2026-05-08
QGEN,"Qiagen N.V.",33.04,-0.47,-1.40%,33.44,33.44,32.92,1657800,2026-05-08
QRVO,"Qorvo Inc",90.53,1.56,+1.75%,90.77,91.14,89.41,1091900,2026-05-08
QS,"Quantumscape Corp",7.54,0.19,+2.59%,7.38,7.57,7.15,17595199,2026-05-08
QSR,"Restaurant Brands International",79.71,0.56999999999999,+0.72%,79.43,80.035,78.4,4160000,2026-05-08
QXO,"Qxo Inc",18.76,0,0.00%,19.25,19.4,18.09,14330300,2026-05-08
R,"Ryder System",239.14,-2.68,-1.11%,243.67,244.05,238.195,225400,2026-05-08
RAL,"Ralliant Corporation",47.23,1.35,+2.94%,46.12,47.5,45.64,1690300,2026-05-08
RARE,"Ultragenyx Pharmaceu",26.12,-0.01,-0.04%,26.07,26.67,25.93,1557000,2026-05-08
RBA,"Rb Global Inc",103.28,-0.15,-0.15%,103.35,104.96,102.47,853900,2026-05-08
RBC,"RBC Bearings Inc",605.99,-5.55,-0.91%,614.48,618.17,604.38,174700,2026-05-08
RBLX,"Roblox Corp Cl A",41.91,-2.87,-6.41%,44.13,44.489,41.66,17103400,2026-05-08
RBRK,"Rubrik Inc Cl A",62.34,0.85,+1.38%,60.3,62.49,59.32,3629200,2026-05-08
RCL,"Royal Caribbean Cruises Ltd",275.24,-5.63,-2.00%,280.85,283.86,273.48,2295600,2026-05-08
RDDT,"Reddit Inc Cl A",155.8,-8.15,-4.97%,162.62,162.9,155.2101,5778900,2026-05-08
REG,"Regency Centers Corp",77.59,-0.27,-0.35%,77.91,78.01,77.49,1689100,2026-05-08
REGN,"Regeneron Pharmaceuticals",714.89,5.79,+0.82%,709.29,717.99,708.36,589000,2026-05-08
REXR,"Rexford Industrial Realty Inc",36.27,0.18,+0.50%,36.2,36.425,35.96,999400,2026-05-08
REYN,"Reynolds Consumer Products Inc",21.88,-0.04,-0.18%,21.98,22.01,21.71,1117100,2026-05-08
RF,"Regions Financial Corp",27.63,-0.32,-1.14%,28.07,28.16,27.45,16008700,2026-05-08
RGA,"Reinsurance Group of America Inc",210.6,-2.21,-1.04%,214.81,221.9,207.61,641900,2026-05-08
RGEN,"Repligen Corp",123.46,-2.97,-2.35%,125.85,126.83,121.26,995200,2026-05-08
RGLD,"Royal Gold Inc",238.91,6.23,+2.68%,236.58,239.65,235,856400,2026-05-08
RH,"Rh Common Stock",133.89,0.23999999999998,+0.18%,134.56,135.98,132,582300,2026-05-08
RHI,"Robert Half Inc",27.03,-0.37,-1.35%,27.1,27.1,26.12,1812600,2026-05-08
RITM,"Rithm Capital Corp",9.84,0.050000000000001,+0.51%,9.84,9.865,9.7501,3594600,2026-05-08
RIVN,"Rivian Automotive Inc Cl A",14.22,0.04,+0.28%,14.27,14.35,13.84,31623000,2026-05-08
RJF,"Raymond James Financial",154.33,0.80000000000001,+0.52%,154.02,156.34,153.24,1351300,2026-05-08
RKLB,"Rocket Lab Corporation",105.47,26.89,+34.22%,86.04,105.62,85.87,79927297,2026-05-08
RKT,"Rocket Companies Inc Cl A",15.69,1.54,+10.88%,14.61,15.86,14.61,37253300,2026-05-08
RL,"Ralph Lauren Corp",358.45,4.9,+1.39%,357.92,363.56,353.32,578500,2026-05-08
RLI,"Rli Corp",49.05,-0.57,-1.15%,49.5,49.5,48.65,637000,2026-05-08
RMD,"Resmed Inc",206.76,-0.13,-0.06%,206.79,207.98,203.92,993500,2026-05-08
RNG,"Ringcentral Inc",45.63,0.24,+0.53%,44.64,46.6,38.7068,4778000,2026-05-08
RNR,"Renaissancere Holdings Ltd",300.16,-0.68,-0.23%,301.27,303.08,299.09,187600,2026-05-08
ROIV,"Roivant Sciences Ltd",28.56,0.28,+0.99%,28.36,28.9,28.17,5604900,2026-05-08
ROK,"Rockwell Automation Inc",453.89,5.34,+1.19%,451.44,453.9,446.11,1063000,2026-05-08
ROKU,"Roku Inc",129.53,2.86,+2.26%,128.01,130.72,124.76,2049800,2026-05-08
ROL,"Rollins Inc",53.83,-0.56,-1.03%,54.58,54.74,53.595,2407000,2026-05-08
ROP,"Roper Industries",343.32,-9.12,-2.59%,349.9,351.31,340.68,1178500,2026-05-08
ROST,"Ross Stores Inc",225.81,1.33,+0.59%,225.63,227.02,224.05,3666200,2026-05-08
RPM,"RPM International Inc",100.81,-0.58,-0.57%,102.5,102.99,100.15,628100,2026-05-08
RPRX,"Royalty Pharma Plc Cl A",50.79,0.59,+1.18%,50.78,51.17,50.5,3764500,2026-05-08
RRC,"Range Resources Corp",40.52,-0.34,-0.83%,40.97,41.15,40.45,2061800,2026-05-08
RRX,"Regal Rexnord Corp",214.36,8.1,+3.93%,209.08,217.38,208.48,1536000,2026-05-08
RS,"Reliance Inc",369.29,0.19,+0.05%,370.96,372.33,367,244900,2026-05-08
RSG,"Republic Services",200.02,-1.53,-0.76%,204.35,204.45,198.79,2272900,2026-05-08
RTX,"Rtx Corp",176.09,-0.69,-0.39%,176.22,177.09,174.6,6277400,2026-05-08
RVMD,"Revolution Medicines Inc",141.81,-0.7,-0.49%,142.56,144.61,140.53,2514400,2026-05-08
RVTY,"Revvity Inc",101,2.15,+2.18%,99.13,102.23,94.6,2441900,2026-05-08
RYAN,"Ryan Specialty Hldgs Inc",31.31,-0.4,-1.26%,31.57,32.09,31.015,2644200,2026-05-08
RYN,"Rayonier Inc REIT",20.42,0.010000000000002,+0.05%,20.5,20.73,20.31,2963300,2026-05-08
S,"Sentinelone Inc Cl A",16.59,0.67,+4.21%,15.7,16.605,15.475,8219400,2026-05-08
SAIA,"Saia Inc",449.8,0.86,+0.19%,448.91,453.11,443.86,212000,2026-05-08
SAIC,"Science Applications International",93.93,-0.19,-0.20%,93.74,94.86,91.17,477100,2026-05-08
SAIL,"Sailpoint Inc",12.23,0.04,+0.33%,12,12.24,11.76,3478500,2026-05-08
SAM,"Boston Beer Company",197.34,-5.67,-2.79%,202.67,204.1,196.279,277100,2026-05-08
SARO,"Standardaero Inc",25.14,-0.89,-3.42%,26.44,27.2,24.77,8306500,2026-05-08
SBAC,"SBA Communications",218.17,-0.45,-0.21%,217.26,218.71,216.63,459700,2026-05-08
SBUX,"Starbucks Corp",104.93,0.67,+0.64%,104.42,105.43,104.25,4538500,2026-05-08
SCCO,"Southern Copper Corp",185.29,5.75,+3.20%,183.58,188.43,183.58,1082900,2026-05-08
SCHW,"The Charles Schwab Corp",88.61,-0.57,-0.64%,89.29,89.7,88.31,9953900,2026-05-08
SCI,"Service Corp International",77.72,-0.76,-0.97%,78.73,79.1999,77.55,1092500,2026-05-08
SEB,"Seaboard Corp",4540.1401,12.950199999999,+0.29%,4532,4590.21,4278.0801,6900,2026-05-08
SEIC,"Sei Investments Company",91.18,1.29,+1.44%,89.99,91.21,88.78,481300,2026-05-08
SF,"Stifel Financial Corp",76.5,0.34,+0.45%,76.28,76.83,75.48,1402700,2026-05-08
SFD,"Smithfield Foods Inc",25.95,-0.13,-0.50%,26.26,26.26,25.7,1167900,2026-05-08
SFM,"Sprouts Farmers Market",82.83,1.82,+2.25%,81.35,85.84,80.54,2917000,2026-05-08
SGI,"Somnigroup International Inc",69.31,-1.36,-1.92%,71.06,71.61,68.63,2794900,2026-05-08
SHC,"Sotera Health Company",15.78,0.11,+0.70%,15.77,15.86,15.53,2427900,2026-05-08
SHW,"Sherwin-Williams Company",316.82,-3.39,-1.06%,323.19,323.98,315.83,1249700,2026-05-08
SIRI,"Siriusxm Holdings Inc",27.1,0.35,+1.31%,26.82,27.11,26.25,2825400,2026-05-08
SITE,"Siteone Landscape Supply",121,-3.99,-3.19%,125,125.11,119.99,820400,2026-05-08
SJM,"J.M. Smucker Company",99.25,-0.19,-0.19%,99.87,100,97.97,1703700,2026-05-08
SLB,"Slb Limited",53.27,0.27,+0.51%,53.18,53.89,52.73,10534100,2026-05-08
SLGN,"Silgan Holdings",40.26,0,0.00%,40.45,40.91,39.825,696000,2026-05-08
SLM,"SLM Corp",22.47,-0.19,-0.84%,22.69,22.69,22.14,1885300,2026-05-08
SMCI,"Super Micro Computer",35.37,1.75,+5.21%,33.33,35.64,32.3,50774199,2026-05-08
SMG,"Scotts Miracle-Gro Company",61.08,-1.26,-2.02%,62.74,62.74,60.91,824600,2026-05-08
SMMT,"Summit Therapeu ADR",18.08,0.93,+5.42%,17.46,18.15,17.06,3878900,2026-05-08
SN,"Sharkninja Inc",111.67,-1.45,-1.28%,115,115.02,110.53,1784000,2026-05-08
SNA,"Snap-On Inc",374,3.33,+0.90%,372.87,374.935,370.67,329300,2026-05-08
SNDK,"Sandisk Corp",1562.34,222.38,+16.60%,1394.37,1564,1391.12,20567602,2026-05-08
SNDR,"Schneider National Inc",30.75,0.1,+0.33%,30.8,31.015,30.61,679200,2026-05-08
SNOW,"Snowflake Inc Cl A",152.45,-1.27,-0.83%,150,152.7,144.48,7280600,2026-05-08
SNPS,"Synopsys Inc",516.48,11.29,+2.23%,504.37,519.11,500.59,1733300,2026-05-08
SNX,"Synnex Corp",239.07,6.62,+2.85%,235.34,240.47,232.52,608400,2026-05-08
SO,"Southern Company",91.8,-0.63,-0.68%,92.5,93,91.61,4466400,2026-05-08
SOFI,"Sofi Technologies Inc",15.75,-0.25,-1.56%,16.03,16.05,15.52,55866301,2026-05-08
SOLS,"Solstice Advanced Materials Inc",78.25,0.49,+0.63%,79.01,79.35,76.66,2073900,2026-05-08
SOLV,"Solventum Corporation",73.38,1.73,+2.41%,71.86,73.4,71.5,1681900,2026-05-08
SON,"Sonoco Products",51.56,0.39,+0.76%,51.34,52.37,50.91,1444100,2026-05-08
SPG,"Simon Property Group",202.12,0.72,+0.36%,202.23,203.74,201.67,1081600,2026-05-08
SPGI,"S&P Global Inc",420.12,-8.56,-2.00%,425.49,427.46,416.26,1975000,2026-05-08
SPOT,"Spotify Technology S.A.",417.83,-9.6,-2.25%,426.16,427.48,416.26,1803900,2026-05-08
SRE,Sempra,91.53,-0.04,-0.04%,92.45,93.34,91.5,4296600,2026-05-08
SRPT,"Sarepta Therapeutics",19.95,-0.84,-4.06%,20.75,20.84,19.87,4078400,2026-05-08
SSB,"Southstate Bank Corporation",96.28,-0.48,-0.50%,96.89,97.165,95.93,723000,2026-05-08
SSD,"Simpson Manufacturing Company",188.61,-4.,-2.08%,193.18,193.18,188.15,391500,2026-05-08
SSNC,"SS&C Technologies",68.76,-1.34,-1.91%,70,70.25,68.25,2280800,2026-05-08
ST,"Sensata Technologies Holding N.V.",44.93,0.59,+1.33%,44.92,45.13,44.37,1316400,2026-05-08
STAG,"Stag Industrial Inc",38.95,0.28,+0.72%,38.78,39.3,38.7,973700,2026-05-08
STE,"Steris Corp",207.45,-6.25,-2.92%,213.71,214.3,206.97,885200,2026-05-08
STLD,"Steel Dynamics Inc",235.1,2.18,+0.94%,234.55,237.34,232.05,896200,2026-05-08
STT,"State Street Corp",149.49,0.71000000000001,+0.48%,149.6,150.275,148.72,1248200,2026-05-08
STWD,"Starwood Property Trust",17.75,-0.3,-1.66%,17.85,17.93,17.42,5475800,2026-05-08
STZ,"Constellation Brands Inc",148.21,-2.04,-1.36%,150.75,151.58,146.8,1505000,2026-05-08
SUI,"Sun Communities",125.94,-0.13,-0.10%,126.22,126.42,124.7,794000,2026-05-08
SW,"Smurfit Westrock Plc",41.55,-0.08,-0.19%,41.9,42.56,41.28,5216200,2026-05-08
SWK,"Stanley Black & Decker Inc",81.07,0.86999999999999,+1.08%,80.79,81.81,80,1465200,2026-05-08
SWKS,"Skyworks Solutions",66.78,1.74,+2.68%,67.09,67.44,65.39,5143800,2026-05-08
SYF,"Synchrony Financial",73.14,-0.86,-1.16%,74.43,74.43,72.825,4069800,2026-05-08
SYK,"Stryker Corp",285.47,-8.76,-2.98%,294,294.9099,284.9503,2136300,2026-05-08
SYY,"Sysco Corp",72.44,-0.44,-0.60%,73.27,73.7,72.42,3654800,2026-05-08
T,"AT&T Inc",25.16,-0.1,-0.40%,25.23,25.395,25.115,36012800,2026-05-08
TAP,"Molson Coors Brewing Company",42.41,-0.72,-1.67%,43.29,43.5,42.38,3455600,2026-05-08
TDC,"Teradata Corp",31.59,1.96,+6.61%,29.7,31.66,29.25,2516400,2026-05-08
TDG,"Transdigm Group Inc",1215.08,-26.9,-2.17%,1242.75,1250.3101,1209.0601,284200,2026-05-08
TDY,"Teledyne Technologies Inc",621.38,-9.4,-1.49%,634.81,635.98,620.32,198900,2026-05-08
TEAM,"Atlassian Corp",91.6,-0.77,-0.83%,88.64,92.13,84.42,12639801,2026-05-08
TECH,"Bio-Techne Corp",48.36,-2.55,-5.01%,50.02,50.5,47.85,3850100,2026-05-08
TEM,"Tempus AI Cl A",49.86,0.39,+0.79%,49.35,49.89,46.75,11664399,2026-05-08
TER,"Teradyne Inc",359.77,5.66,+1.60%,367,367.87,354.24,3485900,2026-05-08
TFC,"Truist Financial Corp",49.11,-0.11,-0.22%,49.51,49.605,49.01,4301400,2026-05-08
TFSL,"Tfs Financial Corp",15.1,0.05,+0.33%,15.09,15.15,15.02,495800,2026-05-08
TFX,"Teleflex Inc",133.06,1.38,+1.05%,134.33,135.69,130.9,947200,2026-05-08
TGT,"Target Corp",125.25,-0.63,-0.50%,127.86,127.87,123.82,3883600,2026-05-08
THC,"Tenet Healthcare Corp",190.38,-3.75,-1.93%,196.11,198.43,188.88,1240900,2026-05-08
THG,"The Hanover Insurance Group",189.14,2.84,+1.52%,187.16,189.22,184.78,279300,2026-05-08
THO,"Thor Industries",77.2,0.26000000000001,+0.34%,77.57,78.39,76.33,439400,2026-05-08
TIGO,"Millicom International Cellular S.A.",80.43,-0.07,-0.09%,80.36,80.89,78.55,1721600,2026-05-08
TJX,"TJX Companies",153.36,-1.12,-0.73%,155.02,155.3,152.52,4908300,2026-05-08
TKO,"Tko Group Holdings Inc Cl A",186.79,-0.72,-0.38%,189.74,193.59,185.04,1875700,2026-05-08
TKR,"Timken Company",117.97,1.63,+1.40%,117.25,118.4,115.19,831500,2026-05-08
TLN,"Talen Energy Corporation",386.37,-4.18,-1.07%,397.9,397.99,381.1,521700,2026-05-08
TMO,"Thermo Fisher Scientific Inc",465,-9.46,-1.99%,473.49,473.49,456.36,3905800,2026-05-08
TMUS,"T-Mobile US",193.63,-0.57,-0.29%,194.1,195.9,193.16,3965900,2026-05-08
TNL,"Travel + Leisure Co.",65.78,-0.13,-0.20%,66.26,66.815,64.96,591300,2026-05-08
TOL,"Toll Brothers Inc",137.89,0.79999999999998,+0.58%,137.89,138.785,136.53,749900,2026-05-08
TOST,"Toast Inc Cl A",25.05,-4.33,-14.74%,25.2,26,24.04,34891600,2026-05-08
TPG,"Tpg Inc Cl A",44.62,0.14,+0.31%,44.46,45.19,43.41,1931600,2026-05-08
TPL,"Texas Pacific Land Trust",394.2,-4.88,-1.22%,395.58,405.79,390.22,395400,2026-05-08
TPR,"Tapestry Inc",133.48,2.96,+2.27%,134.96,139.48,132.15,4316200,2026-05-08
TREX,"Trex Company",40.2,1.01,+2.58%,39.47,41.28,39.34,2546700,2026-05-08
TRGP,"Targa Resources",248.12,-4.32,-1.71%,252.16,253.63,247.42,1438500,2026-05-08
TRMB,"Trimble Navigation",60.8,-1.05,-1.70%,61.63,61.96,59.85,3066400,2026-05-08
TROW,"T Rowe Price Group",105.33,1.74,+1.68%,104.02,105.57,102.31,1506000,2026-05-08
TRU,Transunion,72,-0.95,-1.30%,72.73,73.13,71.17,1477300,2026-05-08
TRV,"The Travelers Companies Inc",298.04,-0.9,-0.30%,299.91,300.415,296.595,900700,2026-05-08
TSCO,"Tractor Supply Company",30.65,-1.09,-3.43%,31.48,32.03,30.58,17658301,2026-05-08
TSLA,"Tesla Inc",428.35,16.56,+4.02%,416.48,431.2,416.39,65049902,2026-05-08
TSN,"Tyson Foods",68.38,0.44,+0.65%,68.23,68.88,67.3085,2119200,2026-05-08
TT,"Trane Technologies Plc",466.17,-3.64,-0.77%,472.5,474.295,465.71,1177800,2026-05-08
TTC,"Toro Company",95.5,0.12,+0.13%,95.66,95.84,94.6735,473900,2026-05-08
TTD,"Trade Desk Inc",23.08,-0.41,-1.75%,20.98,23.1,20.73,41292102,2026-05-08
TTEK,"Tetra Tech Inc",30.29,-0.4,-1.30%,30.69,30.88,30.25,2854700,2026-05-08
TTWO,"Take-Two Interactive",220.45,-3.05,-1.36%,222.64,222.98,219.71,1756000,2026-05-08
TW,"Tradeweb Markets Inc",108.81,-1.64,-1.48%,110.75,111.59,108.48,927200,2026-05-08
TWLO,Twilio,201.7,4.63,+2.35%,198.75,203.71,194.68,2874100,2026-05-08
TXN,"Texas Instruments",287.8,2.56,+0.90%,292.49,292.5,286.38,8881500,2026-05-08
TXRH,"Texas Roadhouse Inc",177.38,19.45,+12.32%,171.95,183.52,171,2907300,2026-05-08
TXT,"Textron Inc",91.01,-0.58,-0.63%,91.96,91.96,90.31,1379000,2026-05-08
TYL,"Tyler Technologies",324.58,-6.5,-1.96%,327.19,328.525,318,312600,2026-05-08
U,"Unity Software Inc",28.16,1.43,+5.35%,26.5,28.18,25.81,17315000,2026-05-08
UA,"Under Armour Inc Cl C",6.25,0.03,+0.48%,6.29,6.34,6.1,1896900,2026-05-08
UAA,"Under Armour",6.43,0.04,+0.63%,6.43,6.53,6.255,7103100,2026-05-08
UAL,"United Airlines Holdings Inc",99.58,-0.12,-0.12%,100,101.14,98.64,3897100,2026-05-08
UBER,"UBER Technologies Inc",75.45,-1.28,-1.67%,77.05,77.05,74.4016,16230600,2026-05-08
UDR,"United Dominion Realty Trust",36.91,-0.02,-0.05%,36.99,37.21,36.815,3499600,2026-05-08
UGI,"Ugi Corp",32.32,0,0.00%,32.54,33.08,32.3,1917000,2026-05-08
UHAL,"U-Haul Holding Company",52.82,0.7,+1.34%,52.71,53.31,52.255,177000,2026-05-08
UHA.B,"U-Haul Holding Series N Non-Voting",48.35,0.41,+0.86%,47.89,48.68,47.74,295200,2026-05-08
UHS,"Universal Health Services",169.96,-0.6,-0.35%,173.85,174.9999,168.805,1109800,2026-05-08
UI,"Ubiquiti Networks",842.1,-84.59,-9.13%,870,901.86,790.01,255900,2026-05-08
ULTA,"Ulta Beauty Inc",521.58,-4.95,-0.94%,529.55,530.05,519.07,474300,2026-05-08
UNH,"Unitedhealth Group Inc",379.98,10.24,+2.77%,371.99,379.98,371.99,6455000,2026-05-08
UNM,"Unumprovident Corp",80.88,0.56,+0.70%,80.51,81.58,79.925,1161200,2026-05-08
UNP,"Union Pacific Corp",264.65,-0.24,-0.09%,264.13,266.2,262.91,1788000,2026-05-08
UPS,"United Parcel Service",100.78,0.68000000000001,+0.68%,100.73,101.03,100.01,4780800,2026-05-08
URI,"United Rentals",937,-7.12,-0.75%,946.29,948.5,931.505,377200,2026-05-08
USB,"U.S. Bancorp",55.53,0.22,+0.40%,55.61,55.6424,54.91,10662400,2026-05-08
USFD,"US Foods Holding",84.4,-2.48,-2.85%,87.76,87.78,84.31,3388500,2026-05-08
UTHR,"United Therapeutic",564.94,-4.24,-0.74%,569.17,573.52,561.2,628400,2026-05-08
UWMC,"Uwm Hldg Corp",3.38,0,0.00%,3.43,3.45,3.325,17130900,2026-05-08
V,"Visa Inc",318.79,-2.49,-0.78%,320.98,321.07,316.16,5950200,2026-05-08
VEEV,"Veeva Systems Inc",166.34,-1.91,-1.14%,165.08,167.24,162.9,2781600,2026-05-08
VFC,"V.F. Corp",18.98,-0.08,-0.42%,19.27,19.3399,18.94,4617300,2026-05-08
VGNT,"Versigent Plc",41.83,2.83,+7.26%,39.8,41.93,39.02,1173100,2026-05-08
VICI,"Vici Properties Inc",28.84,0.050000000000001,+0.17%,28.87,29.12,28.75,5218300,2026-05-08
VIK,"Viking Holdings Ltd",82.67,-1.3,-1.55%,84.64,85.41,82.045,2603100,2026-05-08
VIRT,"Virtu Financial Cm A",51.31,1.77,+3.57%,49.76,51.39,49.22,1655400,2026-05-08
VKTX,"Viking Thera",31.33,-0.25,-0.79%,31.63,31.9,31.14,1448600,2026-05-08
VLO,"Valero Energy Corp",241.06,4.71,+1.99%,235.21,242.24,232.7835,3409200,2026-05-08
VLTO,"Veralto Corporation",86.84,-1.89,-2.13%,88.84,88.84,86.27,2049200,2026-05-08
VMC,"Vulcan Materials Company",283.72,-5.21,-1.80%,290.54,291.04,282.8,1022400,2026-05-08
VMI,"Valmont Industries",510.55,1.39,+0.27%,513.25,513.365,503.25,208300,2026-05-08
VNO,"Vornado Realty Trust",32.16,0.12,+0.37%,32.14,32.38,31.78,1837900,2026-05-08
VNOM,"Viper Energy Inc",46.79,-0.19,-0.40%,46.95,47.16,46.3,891100,2026-05-08
VNT,"Vontier Corp",30.09,-0.58,-1.89%,30.88,31.47,30.025,3714200,2026-05-08
VOYA,"VOYA Financial Inc",81.59,1.9,+2.38%,80.16,81.6,78.94,887700,2026-05-08
VRSK,"Verisk Analytics Inc",171.87,-2.82,-1.61%,173.41,174.68,169.06,1578400,2026-05-08
VRSN,"Verisign Inc",288.21,9.74,+3.50%,276.76,288.89,273.51,907400,2026-05-08
VRT,"Vertiv Holdings Llc.",339.97,-0.04,-0.01%,349.79,350.99,339.71,4080900,2026-05-08
VRTX,"Vertex Pharmaceutic",429.82,4.82,+1.13%,422.37,431.94,421.11,953300,2026-05-08
VSNT,"Versant Media Group Inc",41.14,0.36,+0.88%,40.5,41.18,40.12,1253100,2026-05-08
VST,"Vistra Energy Corp",147.72,-6.23,-4.05%,155,155,146.98,8074400,2026-05-08
VTR,"Ventas Inc",87.26,0.71000000000001,+0.82%,86.65,88.15,86.65,4813300,2026-05-08
VTRS,"Viatris Inc",17.17,-0.22,-1.27%,17.3,17.53,16.65,20242600,2026-05-08
VVV,"Valvoline Inc",35.62,-0.25,-0.70%,35.85,37.12,35.39,3957500,2026-05-08
VZ,"Verizon Communications Inc",47.22,0.13,+0.28%,47.21,47.46,46.95,16349700,2026-05-08
W,"Wayfair Inc",66.26,0.060000000000002,+0.09%,66.43,66.925,64.03,3106700,2026-05-08
WAB,"Wabtec Corp",265.71,0.13,+0.05%,267.99,269,263.71,678500,2026-05-08
WAL,"Western Alliance Bancorp",81.9,-0.41,-0.50%,82.48,82.94,81.4,1067500,2026-05-08
WAT,"Waters Corp",355.13,4.64,+1.32%,349.12,356.99,339.15,1814000,2026-05-08
WBD,"Discovery Inc Series A",27.11,-0.01,-0.04%,27.09,27.24,27.08,12508700,2026-05-08
WBS,"Webster Financial Corp",72.91,0.22,+0.30%,72.93,73.06,72.62,1856500,2026-05-08
WCC,"Wesco International",355.31,4.43,+1.26%,356.14,362.46,352.97,650600,2026-05-08
WDAY,"Workday Inc",127.83,-3.05,-2.33%,125.7,127.89,123.16,4252700,2026-05-08
WDC,"Western Digital Corp",480,16.09,+3.47%,475.06,483.66,469.32,7929800,2026-05-08
WEC,"Wisconsin Energy Corp",111.66,-1.12,-0.99%,113.22,113.5582,111.37,1545300,2026-05-08
WELL,"Welltower Inc",214.63,1.68,+0.79%,213.25,217.67,213.25,2734400,2026-05-08
WEN,"Wendys Company",7.3,0.35,+5.04%,7.18,7.43,7.02,22280900,2026-05-08
WEX,"Wex Inc",141.64,-2.62,-1.82%,142.95,144.385,137.96,682800,2026-05-08
WFC,"Wells Fargo & Company",75.64,-3.07,-3.90%,79,79.03,75.55,31062100,2026-05-08
WFRD,"Weatherford International Plc",102.32,0.02,+0.02%,102.68,103.91,101.35,963600,2026-05-08
WH,"Wyndham Hotels & Resorts Inc",82.67,-1.17,-1.40%,83.94,85.19,82.095,764900,2026-05-08
WHR,"Whirlpool Corp",44.96,-3.25,-6.74%,48.5,48.64,44.715,6139400,2026-05-08
WING,"Wingstop Inc",129.67,-5.21,-3.86%,135.54,138.27,129.31,1460800,2026-05-08
WLK,"Westlake Corp",93.85,-3.53,-3.62%,97.88,98.47,93.42,1404900,2026-05-08
WM,"Waste Management",215.37,-6.08,-2.75%,220.87,221.68,214.97,2630600,2026-05-08
WMB,"Williams Companies",71.96,-0.99,-1.36%,73.1,73.54,71.79,4722000,2026-05-08
WMS,"Advanced Drainage Systems Inc",143.2,-0.88,-0.61%,145.02,145.47,142.74,527500,2026-05-08
WMT,"Walmart Inc",130.43,0.23,+0.18%,130.32,131.41,130.25,15183601,2026-05-08
WPC,"W.P. Carey & Company Llc",74.1,0.19999999999999,+0.27%,73.96,74.7,73.77,1073200,2026-05-08
WRB,"W.R. Berkley Corp",65.68,-0.85,-1.28%,66.62,66.65,65.57,1378500,2026-05-08
WSC,"Willscot Holdings Corp",28.1,4.8,+20.60%,26.42,28.75,25.48,13336199,2026-05-08
WSM,Williams-Sonoma,182.1,-1.32,-0.72%,185.36,185.82,180.71,901000,2026-05-08
WSO,"Watsco Inc",420.6,-8.64,-2.01%,429.73,429.78,417.6,273500,2026-05-08
WST,"West Pharmaceutical Services",325.92,3.91,+1.21%,323.5,328.44,316.1,1033300,2026-05-08
WTFC,"Wintrust Financial Corp",151.64,0.46,+0.30%,151.53,152.29,150.59,411600,2026-05-08
WTM,"White Mountains Insurance Group",2128.3999,35.8999,+1.72%,2103.8999,2136.45,2075.05,18700,2026-05-08
WTRG,"Essential Utilities Inc",37.47,-0.23,-0.61%,37.7,37.99,37.415,1006300,2026-05-08
WTW,"Willis Towers Watson Public Ltd",256.36,-1.71,-0.66%,257.22,258.27,253.55,1066300,2026-05-08
WU,"Western Union Company",9.07,0.02,+0.22%,9.1,9.15,8.94,5216400,2026-05-08
WWD,"Woodward Inc",369.93,-0.84,-0.23%,376.66,376.66,367.58,517700,2026-05-08
WY,"Weyerhaeuser Company",23.53,-0.17,-0.72%,23.8,23.93,23.51,4468100,2026-05-08
WYNN,"Wynn Resorts Ltd",102.42,-4.43,-4.15%,106,106.21,99.6,3981100,2026-05-08
XEL,"XCEL Energy Inc",79.39,-1.04,-1.29%,80.46,81.18,79.27,4559400,2026-05-08
XOM,"Exxon Mobil Corp",144.57,-2.01,-1.37%,145.85,146.5,143.9201,19550000,2026-05-08
XP,"XP Inc Cl A",19.17,0.38,+2.02%,19.07,19.36,18.96,4046100,2026-05-08
XPO,"Xpo Inc",204.5,-2.38,-1.15%,208.48,208.48,202.6,1274200,2026-05-08
XRAY,"Dentsply Sirona Inc",11,0.04,+0.36%,10.96,11.18,10.74,6637800,2026-05-08
XYL,"Xylem Inc",113.73,-1.91,-1.65%,115.64,116.175,113.45,2184800,2026-05-08
XYZ,"Block Inc",74.85,4.71,+6.72%,75.63,77.16,72.5,12878400,2026-05-08
YETI,"Yeti Holdings Inc",41.53,-0.15,-0.36%,41.89,42.275,40.94,1230700,2026-05-08
YUM,"Yum! Brands",151.95,-5.3,-3.37%,158.34,159.16,151.71,1583500,2026-05-08
Z,"Zillow Group Cl C",41.43,-2.25,-5.15%,43.76,44.03,41.1,3861800,2026-05-08
ZBH,"Zimmer Biomet Holdings",82.33,-1.04,-1.25%,83.81,83.99,82.04,2077300,2026-05-08
ZBRA,"Zebra Technologies",226.03,-2.59,-1.13%,229.44,229.44,222.58,778900,2026-05-08
ZG,"Zillow Grp Inc Cl A",41.94,-2.1,-4.77%,43.73,44.12,41.58,1605300,2026-05-08
ZION,"Zions Bancorp",62.5,-0.23,-0.37%,62.98,63.15,62.07,1316600,2026-05-08
ZM,"Zoom Communications Inc",109.21,0.85,+0.78%,108.25,109.41,105.22,3771200,2026-05-08
ZS,"Zscaler Inc",152.13,-0.66,-0.43%,149.34,152.2,145.11,3522200,2026-05-08
ZTS,"Zoetis Inc Cl A",82.83,-4.48,-5.13%,87.32,87.58,81.1,17187000,2026-05-08
"Downloaded from Barchart.com as of 05-10-2026 01:12pm CDT"
